Year	Country	RecordCount	Z_by_year	Z_by_year_clamped	Z_all_years	Z_all_years_clamped	MapStatus
2012	Afghanistan	1	-0.356715459	-0.356715459	-0.214437923	-0.214437923	Mappable
2017	Afghanistan	1	-0.307345879	-0.307345879	-0.214437923	-0.214437923	Mappable
2018	Albania	1	-0.291788957	-0.291788957	-0.214437923	-0.214437923	Mappable
2021	Albania	1	-0.253722076	-0.253722076	-0.214437923	-0.214437923	Mappable
2012	Algeria	1	-0.356715459	-0.356715459	-0.164648494	-0.164648494	Mappable
2013	Algeria	4	-0.140445481	-0.140445481	-0.164648494	-0.164648494	Mappable
2014	Algeria	1	-0.308349605	-0.308349605	-0.164648494	-0.164648494	Mappable
2016	Algeria	1	-0.32711156	-0.32711156	-0.164648494	-0.164648494	Mappable
2017	Algeria	1	-0.307345879	-0.307345879	-0.164648494	-0.164648494	Mappable
2018	Algeria	4	-0.186343235	-0.186343235	-0.164648494	-0.164648494	Mappable
2019	Algeria	2	-0.263232696	-0.263232696	-0.164648494	-0.164648494	Mappable
2020	Algeria	1	-0.234753013	-0.234753013	-0.164648494	-0.164648494	Mappable
2021	Algeria	1	-0.253722076	-0.253722076	-0.164648494	-0.164648494	Mappable
2018	Angola	1	-0.291788957	-0.291788957	-0.214437923	-0.214437923	Mappable
2021	Angola	1	-0.253722076	-0.253722076	-0.214437923	-0.214437923	Mappable
1989	Argentina	1	-0.5	-0.5	0.13408808490682977	0.13408808490682977	Mappable
1996	Argentina	4	0.3573423225910479	0.3573423225910479	0.13408808490682977	0.13408808490682977	Mappable
1998	Argentina	1	-0.34728663	-0.34728663	0.13408808490682977	0.13408808490682977	Mappable
1999	Argentina	4	0.18041477685265997	0.18041477685265997	0.13408808490682977	0.13408808490682977	Mappable
2000	Argentina	10	1.0239033528915897	1.0239033528915897	0.13408808490682977	0.13408808490682977	Mappable
2001	Argentina	5	0.5461201206494966	0.5461201206494966	0.13408808490682977	0.13408808490682977	Mappable
2002	Argentina	4	0.13170653357440915	0.13170653357440915	0.13408808490682977	0.13408808490682977	Mappable
2003	Argentina	2	-0.185375414	-0.185375414	0.13408808490682977	0.13408808490682977	Mappable
2004	Argentina	6	0.22104688348975135	0.22104688348975135	0.13408808490682977	0.13408808490682977	Mappable
2005	Argentina	3	0.020640145	0.020640145	0.13408808490682977	0.13408808490682977	Mappable
2006	Argentina	3	-0.084721902	-0.084721902	0.13408808490682977	0.13408808490682977	Mappable
2007	Argentina	2	-0.242924242	-0.242924242	0.13408808490682977	0.13408808490682977	Mappable
2008	Argentina	2	-0.252560336	-0.252560336	0.13408808490682977	0.13408808490682977	Mappable
2009	Argentina	4	-0.036271643	-0.036271643	0.13408808490682977	0.13408808490682977	Mappable
2010	Argentina	4	-0.120749058	-0.120749058	0.13408808490682977	0.13408808490682977	Mappable
2011	Argentina	6	0.10647441458346926	0.10647441458346926	0.13408808490682977	0.13408808490682977	Mappable
2012	Argentina	5	-0.076831022	-0.076831022	0.13408808490682977	0.13408808490682977	Mappable
2013	Argentina	3	-0.216721906	-0.216721906	0.13408808490682977	0.13408808490682977	Mappable
2014	Argentina	1	-0.308349605	-0.308349605	0.13408808490682977	0.13408808490682977	Mappable
2015	Argentina	5	-0.127046965	-0.127046965	0.13408808490682977	0.13408808490682977	Mappable
2016	Argentina	4	-0.186920891	-0.186920891	0.13408808490682977	0.13408808490682977	Mappable
2017	Argentina	1	-0.307345879	-0.307345879	0.13408808490682977	0.13408808490682977	Mappable
2018	Argentina	6	-0.116046086	-0.116046086	0.13408808490682977	0.13408808490682977	Mappable
2019	Argentina	4	-0.20686164	-0.20686164	0.13408808490682977	0.13408808490682977	Mappable
2020	Argentina	4	-0.128815742	-0.128815742	0.13408808490682977	0.13408808490682977	Mappable
2022	Argentina	2	-0.217222797	-0.217222797	0.13408808490682977	0.13408808490682977	Mappable
2023	Argentina	2	-0.215519792	-0.215519792	0.13408808490682977	0.13408808490682977	Mappable
2024	Argentina	2	-0.224515742	-0.224515742	0.13408808490682977	0.13408808490682977	Mappable
2017	Armenia	1	-0.307345879	-0.307345879	-0.210881535	-0.210881535	Mappable
2018	Armenia	1	-0.291788957	-0.291788957	-0.210881535	-0.210881535	Mappable
2020	Armenia	1	-0.234753013	-0.234753013	-0.210881535	-0.210881535	Mappable
1985	Australia	1	-0.63900965	-0.63900965	-0.036618531	-0.036618531	Mappable
1987	Australia	1	-0.447213595	-0.447213595	-0.036618531	-0.036618531	Mappable
1988	Australia	1	-0.45596467	-0.45596467	-0.036618531	-0.036618531	Mappable
1994	Australia	1	-0.405150882	-0.405150882	-0.036618531	-0.036618531	Mappable
1996	Australia	1	-0.268006742	-0.268006742	-0.036618531	-0.036618531	Mappable
1998	Australia	1	-0.34728663	-0.34728663	-0.036618531	-0.036618531	Mappable
1999	Australia	1	-0.384361916	-0.384361916	-0.036618531	-0.036618531	Mappable
2000	Australia	1	-0.33292563	-0.33292563	-0.036618531	-0.036618531	Mappable
2001	Australia	1	-0.393714506	-0.393714506	-0.036618531	-0.036618531	Mappable
2002	Australia	1	-0.351217423	-0.351217423	-0.036618531	-0.036618531	Mappable
2005	Australia	2	-0.148609043	-0.148609043	-0.036618531	-0.036618531	Mappable
2007	Australia	1	-0.364386363	-0.364386363	-0.036618531	-0.036618531	Mappable
2008	Australia	2	-0.252560336	-0.252560336	-0.036618531	-0.036618531	Mappable
2009	Australia	1	-0.362716432	-0.362716432	-0.036618531	-0.036618531	Mappable
2010	Australia	2	-0.29272499	-0.29272499	-0.036618531	-0.036618531	Mappable
2011	Australia	5	0.011830490509274361	0.011830490509274361	-0.036618531	-0.036618531	Mappable
2012	Australia	6	-0.006859913	-0.006859913	-0.036618531	-0.036618531	Mappable
2013	Australia	3	-0.216721906	-0.216721906	-0.036618531	-0.036618531	Mappable
2014	Australia	3	-0.203315677	-0.203315677	-0.036618531	-0.036618531	Mappable
2015	Australia	2	-0.303757742	-0.303757742	-0.036618531	-0.036618531	Mappable
2016	Australia	3	-0.233651114	-0.233651114	-0.036618531	-0.036618531	Mappable
2017	Australia	2	-0.264246801	-0.264246801	-0.036618531	-0.036618531	Mappable
2018	Australia	3	-0.221491809	-0.221491809	-0.036618531	-0.036618531	Mappable
2019	Australia	1	-0.291418223	-0.291418223	-0.036618531	-0.036618531	Mappable
2020	Australia	2	-0.19944059	-0.19944059	-0.036618531	-0.036618531	Mappable
2021	Australia	1	-0.253722076	-0.253722076	-0.036618531	-0.036618531	Mappable
2023	Australia	2	-0.215519792	-0.215519792	-0.036618531	-0.036618531	Mappable
2024	Australia	1	-0.245012933	-0.245012933	-0.036618531	-0.036618531	Mappable
2009	Azerbaijan	1	-0.362716432	-0.362716432	-0.196655984	-0.196655984	Mappable
2013	Azerbaijan	1	-0.369274755	-0.369274755	-0.196655984	-0.196655984	Mappable
2016	Azerbaijan	1	-0.32711156	-0.32711156	-0.196655984	-0.196655984	Mappable
2019	Azerbaijan	3	-0.235047168	-0.235047168	-0.196655984	-0.196655984	Mappable
2020	Azerbaijan	1	-0.234753013	-0.234753013	-0.196655984	-0.196655984	Mappable
2004	Bangladesh	1	-0.461597904	-0.461597904	-0.132641003	-0.132641003	Mappable
2005	Bangladesh	1	-0.31785823	-0.31785823	-0.132641003	-0.132641003	Mappable
2012	Bangladesh	1	-0.356715459	-0.356715459	-0.132641003	-0.132641003	Mappable
2013	Bangladesh	1	-0.369274755	-0.369274755	-0.132641003	-0.132641003	Mappable
2015	Bangladesh	1	-0.362661335	-0.362661335	-0.132641003	-0.132641003	Mappable
2018	Bangladesh	2	-0.256640383	-0.256640383	-0.132641003	-0.132641003	Mappable
2019	Bangladesh	8	-0.09411953	-0.09411953	-0.132641003	-0.132641003	Mappable
2020	Bangladesh	1	-0.234753013	-0.234753013	-0.132641003	-0.132641003	Mappable
2021	Bangladesh	2	-0.225530734	-0.225530734	-0.132641003	-0.132641003	Mappable
2022	Bangladesh	4	-0.167010492	-0.167010492	-0.132641003	-0.132641003	Mappable
2023	Bangladesh	3	-0.199348033	-0.199348033	-0.132641003	-0.132641003	Mappable
2001	Belgium	1	-0.393714506	-0.393714506	-0.143310166	-0.143310166	Mappable
2003	Belgium	3	-0.023171927	-0.023171927	-0.143310166	-0.143310166	Mappable
2005	Belgium	1	-0.31785823	-0.31785823	-0.143310166	-0.143310166	Mappable
2006	Belgium	2	-0.210344032	-0.210344032	-0.143310166	-0.143310166	Mappable
2007	Belgium	2	-0.242924242	-0.242924242	-0.143310166	-0.143310166	Mappable
2011	Belgium	4	-0.082813434	-0.082813434	-0.143310166	-0.143310166	Mappable
2013	Belgium	1	-0.369274755	-0.369274755	-0.143310166	-0.143310166	Mappable
2017	Belgium	2	-0.264246801	-0.264246801	-0.143310166	-0.143310166	Mappable
2018	Belgium	1	-0.291788957	-0.291788957	-0.143310166	-0.143310166	Mappable
2019	Belgium	1	-0.291418223	-0.291418223	-0.143310166	-0.143310166	Mappable
2020	Belgium	1	-0.234753013	-0.234753013	-0.143310166	-0.143310166	Mappable
2023	Belgium	1	-0.231691551	-0.231691551	-0.143310166	-0.143310166	Mappable
2024	Belgium	2	-0.224515742	-0.224515742	-0.143310166	-0.143310166	Mappable
2008	Belgium and Germany; Germany and The Netherlands	1	-0.371412259	-0.371412259	-0.217994311	-0.217994311	Unmappable
2010	Belize	1	-0.378712956	-0.378712956	-0.217994311	-0.217994311	Mappable
2001	Benin	1	-0.393714506	-0.393714506	-0.193099596	-0.193099596	Mappable
2009	Benin	1	-0.362716432	-0.362716432	-0.193099596	-0.193099596	Mappable
2015	Benin	3	-0.24485415	-0.24485415	-0.193099596	-0.193099596	Mappable
2016	Benin	1	-0.32711156	-0.32711156	-0.193099596	-0.193099596	Mappable
2017	Benin	1	-0.307345879	-0.307345879	-0.193099596	-0.193099596	Mappable
2019	Benin	1	-0.291418223	-0.291418223	-0.193099596	-0.193099596	Mappable
2003	Bhutan	2	-0.185375414	-0.185375414	-0.214437923	-0.214437923	Mappable
1997	Bolivia	1	-0.246900669	-0.246900669	-0.20376876	-0.20376876	Mappable
2002	Bolivia	1	-0.351217423	-0.351217423	-0.20376876	-0.20376876	Mappable
2005	Bolivia	2	-0.148609043	-0.148609043	-0.20376876	-0.20376876	Mappable
2009	Bolivia	1	-0.362716432	-0.362716432	-0.20376876	-0.20376876	Mappable
2011	Bosnia and Herzegovina	1	-0.366745206	-0.366745206	-0.168204881	-0.168204881	Mappable
2013	Bosnia and Herzegovina	5	-0.064169056	-0.064169056	-0.168204881	-0.168204881	Mappable
2014	Bosnia and Herzegovina	5	-0.098281748	-0.098281748	-0.168204881	-0.168204881	Mappable
2018	Bosnia and Herzegovina	1	-0.291788957	-0.291788957	-0.168204881	-0.168204881	Mappable
2019	Bosnia and Herzegovina	2	-0.263232696	-0.263232696	-0.168204881	-0.168204881	Mappable
2020	Bosnia and Herzegovina	1	-0.234753013	-0.234753013	-0.168204881	-0.168204881	Mappable
1993	Brazil	1	-0.340298877	-0.340298877	0.8133581620048087	0.8133581620048087	Mappable
1994	Brazil	1	-0.405150882	-0.405150882	0.8133581620048087	0.8133581620048087	Mappable
1996	Brazil	2	-0.059557054	-0.059557054	0.8133581620048087	0.8133581620048087	Mappable
1998	Brazil	2	-0.163996464	-0.163996464	0.8133581620048087	0.8133581620048087	Mappable
2001	Brazil	1	-0.393714506	-0.393714506	0.8133581620048087	0.8133581620048087	Mappable
2002	Brazil	2	-0.190242771	-0.190242771	0.8133581620048087	0.8133581620048087	Mappable
2003	Brazil	1	-0.347578901	-0.347578901	0.8133581620048087	0.8133581620048087	Mappable
2004	Brazil	3	-0.188539989	-0.188539989	0.8133581620048087	0.8133581620048087	Mappable
2005	Brazil	1	-0.31785823	-0.31785823	0.8133581620048087	0.8133581620048087	Mappable
2006	Brazil	2	-0.210344032	-0.210344032	0.8133581620048087	0.8133581620048087	Mappable
2007	Brazil	1	-0.364386363	-0.364386363	0.8133581620048087	0.8133581620048087	Mappable
2008	Brazil	2	-0.252560336	-0.252560336	0.8133581620048087	0.8133581620048087	Mappable
2009	Brazil	3	-0.145086573	-0.145086573	0.8133581620048087	0.8133581620048087	Mappable
2010	Brazil	8	0.22320280501843598	0.22320280501843598	0.8133581620048087	0.8133581620048087	Mappable
2011	Brazil	5	0.011830490509274361	0.011830490509274361	0.8133581620048087	0.8133581620048087	Mappable
2012	Brazil	6	-0.006859913	-0.006859913	0.8133581620048087	0.8133581620048087	Mappable
2013	Brazil	15	0.6985951926919566	0.6985951926919566	0.8133581620048087	0.8133581620048087	Mappable
2014	Brazil	24	0.8995405765387263	0.8995405765387263	0.8133581620048087	0.8133581620048087	Mappable
2015	Brazil	7	-0.009239779	-0.009239779	0.8133581620048087	0.8133581620048087	Mappable
2016	Brazil	17	0.4205720051265849	0.4205720051265849	0.8133581620048087	0.8133581620048087	Mappable
2017	Brazil	36	1.2011218247188358	1.2011218247188358	0.8133581620048087	0.8133581620048087	Mappable
2018	Brazil	34	0.8681139920371188	0.8681139920371188	0.8133581620048087	0.8133581620048087	Mappable
2019	Brazil	29	0.4977765508824955	0.4977765508824955	0.8133581620048087	0.8133581620048087	Mappable
2020	Brazil	26	0.648057577	0.648057577	0.8133581620048087	0.8133581620048087	Mappable
2021	Brazil	20	0.2819134172851385	0.2819134172851385	0.8133581620048087	0.8133581620048087	Mappable
2022	Brazil	6	-0.116798187	-0.116798187	0.8133581620048087	0.8133581620048087	Mappable
2023	Brazil	20	0.075571875	0.075571875	0.8133581620048087	0.8133581620048087	Mappable
2024	Brazil	16	0.06244493	0.06244493	0.8133581620048087	0.8133581620048087	Mappable
1998	Bulgaria	4	0.20258386744297846	0.20258386744297846	-0.1041899	-0.1041899	Mappable
1999	Bulgaria	1	-0.384361916	-0.384361916	-0.1041899	-0.1041899	Mappable
2002	Bulgaria	2	-0.190242771	-0.190242771	-0.1041899	-0.1041899	Mappable
2003	Bulgaria	1	-0.347578901	-0.347578901	-0.1041899	-0.1041899	Mappable
2004	Bulgaria	1	-0.461597904	-0.461597904	-0.1041899	-0.1041899	Mappable
2007	Bulgaria	1	-0.364386363	-0.364386363	-0.1041899	-0.1041899	Mappable
2008	Bulgaria	4	-0.01485649	-0.01485649	-0.1041899	-0.1041899	Mappable
2009	Bulgaria	4	-0.036271643	-0.036271643	-0.1041899	-0.1041899	Mappable
2011	Bulgaria	1	-0.366745206	-0.366745206	-0.1041899	-0.1041899	Mappable
2013	Bulgaria	3	-0.216721906	-0.216721906	-0.1041899	-0.1041899	Mappable
2014	Bulgaria	2	-0.255832641	-0.255832641	-0.1041899	-0.1041899	Mappable
2016	Bulgaria	1	-0.32711156	-0.32711156	-0.1041899	-0.1041899	Mappable
2017	Bulgaria	1	-0.307345879	-0.307345879	-0.1041899	-0.1041899	Mappable
2018	Bulgaria	3	-0.221491809	-0.221491809	-0.1041899	-0.1041899	Mappable
2020	Bulgaria	2	-0.19944059	-0.19944059	-0.1041899	-0.1041899	Mappable
2022	Bulgaria	1	-0.242328949	-0.242328949	-0.1041899	-0.1041899	Mappable
2023	Bulgaria	1	-0.231691551	-0.231691551	-0.1041899	-0.1041899	Mappable
2001	Burkina Faso	1	-0.393714506	-0.393714506	-0.196655984	-0.196655984	Mappable
2011	Burkina Faso	2	-0.272101282	-0.272101282	-0.196655984	-0.196655984	Mappable
2013	Burkina Faso	1	-0.369274755	-0.369274755	-0.196655984	-0.196655984	Mappable
2014	Burkina Faso	1	-0.308349605	-0.308349605	-0.196655984	-0.196655984	Mappable
2015	Burkina Faso	2	-0.303757742	-0.303757742	-0.196655984	-0.196655984	Mappable
2012	Burundi	1	-0.356715459	-0.356715459	-0.214437923	-0.214437923	Mappable
2014	Burundi	1	-0.308349605	-0.308349605	-0.214437923	-0.214437923	Mappable
2008	Cambodia	1	-0.371412259	-0.371412259	-0.207325148	-0.207325148	Mappable
2016	Cambodia	2	-0.280381337	-0.280381337	-0.207325148	-0.207325148	Mappable
2020	Cambodia	1	-0.234753013	-0.234753013	-0.207325148	-0.207325148	Mappable
1997	Cameroon	1	-0.246900669	-0.246900669	-0.210881535	-0.210881535	Mappable
1998	Cameroon	1	-0.34728663	-0.34728663	-0.210881535	-0.210881535	Mappable
2020	Cameroon	1	-0.234753013	-0.234753013	-0.210881535	-0.210881535	Mappable
1988	Canada	2	-0.207256668	-0.207256668	0.27634359843520234	0.27634359843520234	Mappable
1990	Canada	4	0.3244428422615251	0.3244428422615251	0.27634359843520234	0.27634359843520234	Mappable
1991	Canada	1	-0.5	-0.5	0.27634359843520234	0.27634359843520234	Mappable
1992	Canada	3	0.053330489	0.053330489	0.27634359843520234	0.27634359843520234	Mappable
1993	Canada	1	-0.340298877	-0.340298877	0.27634359843520234	0.27634359843520234	Mappable
1995	Canada	2	-0.178066039	-0.178066039	0.27634359843520234	0.27634359843520234	Mappable
1996	Canada	2	-0.059557054	-0.059557054	0.27634359843520234	0.27634359843520234	Mappable
1997	Canada	3	0.1388816264448211	0.1388816264448211	0.27634359843520234	0.27634359843520234	Mappable
1998	Canada	3	0.019293701661236024	0.019293701661236024	0.27634359843520234	0.27634359843520234	Mappable
1999	Canada	5	0.3686736744380443	0.3686736744380443	0.27634359843520234	0.27634359843520234	Mappable
2000	Canada	2	-0.182166854	-0.182166854	0.27634359843520234	0.27634359843520234	Mappable
2001	Canada	6	0.7810787772080009	0.7810787772080009	0.27634359843520234	0.27634359843520234	Mappable
2002	Canada	4	0.13170653357440915	0.13170653357440915	0.27634359843520234	0.27634359843520234	Mappable
2003	Canada	6	0.463438535	0.463438535	0.27634359843520234	0.27634359843520234	Mappable
2005	Canada	4	0.18988933242135775	0.18988933242135775	0.27634359843520234	0.27634359843520234	Mappable
2006	Canada	5	0.16652235861859305	0.16652235861859305	0.27634359843520234	0.27634359843520234	Mappable
2007	Canada	4	0	0	0.27634359843520234	0.27634359843520234	Mappable
2008	Canada	5	0.10399543242944996	0.10399543242944996	0.27634359843520234	0.27634359843520234	Mappable
2009	Canada	6	0.1813582160685914	0.1813582160685914	0.27634359843520234	0.27634359843520234	Mappable
2010	Canada	5	-0.034761093	-0.034761093	0.27634359843520234	0.27634359843520234	Mappable
2011	Canada	1	-0.366745206	-0.366745206	0.27634359843520234	0.27634359843520234	Mappable
2012	Canada	2	-0.28674435	-0.28674435	0.27634359843520234	0.27634359843520234	Mappable
2013	Canada	5	-0.064169056	-0.064169056	0.27634359843520234	0.27634359843520234	Mappable
2014	Canada	5	-0.098281748	-0.098281748	0.27634359843520234	0.27634359843520234	Mappable
2015	Canada	5	-0.127046965	-0.127046965	0.27634359843520234	0.27634359843520234	Mappable
2016	Canada	12	0.18692089116737107	0.18692089116737107	0.27634359843520234	0.27634359843520234	Mappable
2017	Canada	1	-0.307345879	-0.307345879	0.27634359843520234	0.27634359843520234	Mappable
2018	Canada	3	-0.221491809	-0.221491809	0.27634359843520234	0.27634359843520234	Mappable
2019	Canada	4	-0.20686164	-0.20686164	0.27634359843520234	0.27634359843520234	Mappable
2020	Canada	2	-0.19944059	-0.19944059	0.27634359843520234	0.27634359843520234	Mappable
2021	Canada	5	-0.140956709	-0.140956709	0.27634359843520234	0.27634359843520234	Mappable
2022	Canada	5	-0.141904339	-0.141904339	0.27634359843520234	0.27634359843520234	Mappable
2023	Canada	7	-0.134660995	-0.134660995	0.27634359843520234	0.27634359843520234	Mappable
2024	Canada	10	-0.060538215	-0.060538215	0.27634359843520234	0.27634359843520234	Mappable
2005	Canada and Hong Kong	1	-0.31785823	-0.31785823	-0.217994311	-0.217994311	Unmappable
2014	Central African Republic	1	-0.308349605	-0.308349605	-0.217994311	-0.217994311	Mappable
2001	Chile	1	-0.393714506	-0.393714506	0.084298655	0.084298655	Mappable
2003	Chile	1	-0.347578901	-0.347578901	0.084298655	0.084298655	Mappable
2004	Chile	2	-0.325068946	-0.325068946	0.084298655	0.084298655	Mappable
2005	Chile	3	0.020640145	0.020640145	0.084298655	0.084298655	Mappable
2006	Chile	1	-0.335966162	-0.335966162	0.084298655	0.084298655	Mappable
2007	Chile	2	-0.242924242	-0.242924242	0.084298655	0.084298655	Mappable
2008	Chile	1	-0.371412259	-0.371412259	0.084298655	0.084298655	Mappable
2009	Chile	1	-0.362716432	-0.362716432	0.084298655	0.084298655	Mappable
2010	Chile	2	-0.29272499	-0.29272499	0.084298655	0.084298655	Mappable
2011	Chile	4	-0.082813434	-0.082813434	0.084298655	0.084298655	Mappable
2012	Chile	2	-0.28674435	-0.28674435	0.084298655	0.084298655	Mappable
2013	Chile	7	0.088383794	0.088383794	0.084298655	0.084298655	Mappable
2014	Chile	5	-0.098281748	-0.098281748	0.084298655	0.084298655	Mappable
2015	Chile	3	-0.24485415	-0.24485415	0.084298655	0.084298655	Mappable
2016	Chile	8	0	0	0.084298655	0.084298655	Mappable
2017	Chile	4	-0.178048647	-0.178048647	0.084298655	0.084298655	Mappable
2018	Chile	7	-0.080897512	-0.080897512	0.084298655	0.084298655	Mappable
2019	Chile	6	-0.150490585	-0.150490585	0.084298655	0.084298655	Mappable
2020	Chile	8	0.012433951970354547	0.012433951970354547	0.084298655	0.084298655	Mappable
2021	Chile	3	-0.197339392	-0.197339392	0.084298655	0.084298655	Mappable
2022	Chile	2	-0.217222797	-0.217222797	0.084298655	0.084298655	Mappable
2023	Chile	7	-0.134660995	-0.134660995	0.084298655	0.084298655	Mappable
2024	Chile	6	-0.142526978	-0.142526978	0.084298655	0.084298655	Mappable
1992	China	1	-0.58663538	-0.58663538	9.686545818337049	3	Mappable
1996	China	1	-0.268006742	-0.268006742	9.686545818337049	3	Mappable
2000	China	1	-0.33292563	-0.33292563	9.686545818337049	3	Mappable
2002	China	1	-0.351217423	-0.351217423	9.686545818337049	3	Mappable
2003	China	3	-0.023171927	-0.023171927	9.686545818337049	3	Mappable
2004	China	3	-0.188539989	-0.188539989	9.686545818337049	3	Mappable
2005	China	3	0.020640145	0.020640145	9.686545818337049	3	Mappable
2006	China	6	0.2921444888045492	0.2921444888045492	9.686545818337049	3	Mappable
2007	China	14	1.2146212094676985	1.2146212094676985	9.686545818337049	3	Mappable
2008	China	21	2.0056261968536777	2.0056261968536777	9.686545818337049	3	Mappable
2009	China	18	1.4871373717624494	1.4871373717624494	9.686545818337049	3	Mappable
2010	China	37	2.716853815183421	2.716853815183421	9.686545818337049	3	Mappable
2011	China	45	3.797587453	3	9.686545818337049	3	Mappable
2012	China	68	4.331348861959768	3	9.686545818337049	3	Mappable
2013	China	65	4.512416435291027	3	9.686545818337049	3	Mappable
2014	China	129	6.413821842226498	3	9.686545818337049	3	Mappable
2015	China	106	5.822215891998987	3	9.686545818337049	3	Mappable
2016	China	146	6.4487707452743015	3	9.686545818337049	3	Mappable
2017	China	161	6.588506479707731	3	9.686545818337049	3	Mappable
2018	China	199	6.667628739611573	3	9.686545818337049	3	Mappable
2019	China	252	6.783149217637404	3	9.686545818337049	3	Mappable
2020	China	224	7.639917448664649	3	9.686545818337049	3	Mappable
2021	China	256	6.935070065214409	3	9.686545818337049	3	Mappable
2022	China	268	6.461013732395401	3	9.686545818337049	3	Mappable
2023	China	442	6.900054287329434	3	9.686545818337049	3	Mappable
2024	China	316	6.211602194	3	9.686545818337049	3	Mappable
1985	Colombia	1	-0.63900965	-0.63900965	-0.121971839	-0.121971839	Mappable
1995	Colombia	1	-0.343413076	-0.343413076	-0.121971839	-0.121971839	Mappable
1996	Colombia	1	-0.268006742	-0.268006742	-0.121971839	-0.121971839	Mappable
1997	Colombia	1	-0.246900669	-0.246900669	-0.121971839	-0.121971839	Mappable
2003	Colombia	1	-0.347578901	-0.347578901	-0.121971839	-0.121971839	Mappable
2006	Colombia	1	-0.335966162	-0.335966162	-0.121971839	-0.121971839	Mappable
2007	Colombia	1	-0.364386363	-0.364386363	-0.121971839	-0.121971839	Mappable
2010	Colombia	1	-0.378712956	-0.378712956	-0.121971839	-0.121971839	Mappable
2011	Colombia	1	-0.366745206	-0.366745206	-0.121971839	-0.121971839	Mappable
2012	Colombia	2	-0.28674435	-0.28674435	-0.121971839	-0.121971839	Mappable
2014	Colombia	1	-0.308349605	-0.308349605	-0.121971839	-0.121971839	Mappable
2016	Colombia	1	-0.32711156	-0.32711156	-0.121971839	-0.121971839	Mappable
2017	Colombia	2	-0.264246801	-0.264246801	-0.121971839	-0.121971839	Mappable
2018	Colombia	3	-0.221491809	-0.221491809	-0.121971839	-0.121971839	Mappable
2019	Colombia	1	-0.291418223	-0.291418223	-0.121971839	-0.121971839	Mappable
2020	Colombia	3	-0.164128166	-0.164128166	-0.121971839	-0.121971839	Mappable
2021	Colombia	2	-0.225530734	-0.225530734	-0.121971839	-0.121971839	Mappable
2023	Colombia	2	-0.215519792	-0.215519792	-0.121971839	-0.121971839	Mappable
2024	Colombia	2	-0.224515742	-0.224515742	-0.121971839	-0.121971839	Mappable
1998	Costa Rica	1	-0.34728663	-0.34728663	-0.146866554	-0.146866554	Mappable
1999	Costa Rica	2	-0.196103018	-0.196103018	-0.146866554	-0.146866554	Mappable
2001	Costa Rica	2	-0.158755849	-0.158755849	-0.146866554	-0.146866554	Mappable
2002	Costa Rica	2	-0.190242771	-0.190242771	-0.146866554	-0.146866554	Mappable
2005	Costa Rica	3	0.020640145	0.020640145	-0.146866554	-0.146866554	Mappable
2007	Costa Rica	1	-0.364386363	-0.364386363	-0.146866554	-0.146866554	Mappable
2008	Costa Rica	2	-0.252560336	-0.252560336	-0.146866554	-0.146866554	Mappable
2009	Costa Rica	2	-0.253901502	-0.253901502	-0.146866554	-0.146866554	Mappable
2011	Costa Rica	1	-0.366745206	-0.366745206	-0.146866554	-0.146866554	Mappable
2013	Costa Rica	1	-0.369274755	-0.369274755	-0.146866554	-0.146866554	Mappable
2014	Costa Rica	1	-0.308349605	-0.308349605	-0.146866554	-0.146866554	Mappable
2015	Costa Rica	1	-0.362661335	-0.362661335	-0.146866554	-0.146866554	Mappable
2020	Costa Rica	1	-0.234753013	-0.234753013	-0.146866554	-0.146866554	Mappable
2021	Costa Rica	1	-0.253722076	-0.253722076	-0.146866554	-0.146866554	Mappable
2007	Croatia	1	-0.364386363	-0.364386363	-0.136197391	-0.136197391	Mappable
2008	Croatia	1	-0.371412259	-0.371412259	-0.136197391	-0.136197391	Mappable
2009	Croatia	1	-0.362716432	-0.362716432	-0.136197391	-0.136197391	Mappable
2011	Croatia	2	-0.272101282	-0.272101282	-0.136197391	-0.136197391	Mappable
2012	Croatia	2	-0.28674435	-0.28674435	-0.136197391	-0.136197391	Mappable
2013	Croatia	2	-0.29299833	-0.29299833	-0.136197391	-0.136197391	Mappable
2014	Croatia	1	-0.308349605	-0.308349605	-0.136197391	-0.136197391	Mappable
2015	Croatia	3	-0.24485415	-0.24485415	-0.136197391	-0.136197391	Mappable
2016	Croatia	5	-0.140190668	-0.140190668	-0.136197391	-0.136197391	Mappable
2017	Croatia	1	-0.307345879	-0.307345879	-0.136197391	-0.136197391	Mappable
2018	Croatia	1	-0.291788957	-0.291788957	-0.136197391	-0.136197391	Mappable
2019	Croatia	1	-0.291418223	-0.291418223	-0.136197391	-0.136197391	Mappable
2023	Croatia	3	-0.199348033	-0.199348033	-0.136197391	-0.136197391	Mappable
1998	Cuba	1	-0.34728663	-0.34728663	-0.185986821	-0.185986821	Mappable
1999	Cuba	1	-0.384361916	-0.384361916	-0.185986821	-0.185986821	Mappable
2002	Cuba	2	-0.190242771	-0.190242771	-0.185986821	-0.185986821	Mappable
2003	Cuba	1	-0.347578901	-0.347578901	-0.185986821	-0.185986821	Mappable
2008	Cuba	1	-0.371412259	-0.371412259	-0.185986821	-0.185986821	Mappable
2017	Cuba	2	-0.264246801	-0.264246801	-0.185986821	-0.185986821	Mappable
2020	Cuba	1	-0.234753013	-0.234753013	-0.185986821	-0.185986821	Mappable
2023	Cuba	1	-0.231691551	-0.231691551	-0.185986821	-0.185986821	Mappable
2014	Cyprus	1	-0.308349605	-0.308349605	-0.189543208	-0.189543208	Mappable
2015	Cyprus	2	-0.303757742	-0.303757742	-0.189543208	-0.189543208	Mappable
2016	Cyprus	3	-0.233651114	-0.233651114	-0.189543208	-0.189543208	Mappable
2017	Cyprus	2	-0.264246801	-0.264246801	-0.189543208	-0.189543208	Mappable
2022	Cyprus	1	-0.242328949	-0.242328949	-0.189543208	-0.189543208	Mappable
2000	Czech Republic	1	-0.33292563	-0.33292563	-0.079295185	-0.079295185	Mappable
2003	Czech Republic	2	-0.185375414	-0.185375414	-0.079295185	-0.079295185	Mappable
2007	Czech Republic	4	0	0	-0.079295185	-0.079295185	Mappable
2008	Czech Republic	4	-0.01485649	-0.01485649	-0.079295185	-0.079295185	Mappable
2009	Czech Republic	2	-0.253901502	-0.253901502	-0.079295185	-0.079295185	Mappable
2010	Czech Republic	2	-0.29272499	-0.29272499	-0.079295185	-0.079295185	Mappable
2011	Czech Republic	5	0.011830490509274361	0.011830490509274361	-0.079295185	-0.079295185	Mappable
2012	Czech Republic	2	-0.28674435	-0.28674435	-0.079295185	-0.079295185	Mappable
2013	Czech Republic	2	-0.29299833	-0.29299833	-0.079295185	-0.079295185	Mappable
2014	Czech Republic	2	-0.255832641	-0.255832641	-0.079295185	-0.079295185	Mappable
2015	Czech Republic	3	-0.24485415	-0.24485415	-0.079295185	-0.079295185	Mappable
2017	Czech Republic	3	-0.221147724	-0.221147724	-0.079295185	-0.079295185	Mappable
2018	Czech Republic	1	-0.291788957	-0.291788957	-0.079295185	-0.079295185	Mappable
2019	Czech Republic	1	-0.291418223	-0.291418223	-0.079295185	-0.079295185	Mappable
2021	Czech Republic	1	-0.253722076	-0.253722076	-0.079295185	-0.079295185	Mappable
2022	Czech Republic	1	-0.242328949	-0.242328949	-0.079295185	-0.079295185	Mappable
2023	Czech Republic	4	-0.183176273	-0.183176273	-0.079295185	-0.079295185	Mappable
2010	Côte d'Ivoire	2	-0.29272499	-0.29272499	-0.196655984	-0.196655984	Unmappable
2013	Côte d'Ivoire	1	-0.369274755	-0.369274755	-0.196655984	-0.196655984	Unmappable
2014	Côte d'Ivoire	1	-0.308349605	-0.308349605	-0.196655984	-0.196655984	Unmappable
2021	Côte d'Ivoire	2	-0.225530734	-0.225530734	-0.196655984	-0.196655984	Unmappable
2023	Côte d'Ivoire	1	-0.231691551	-0.231691551	-0.196655984	-0.196655984	Unmappable
2011	Côte d'Ivoire and Cameroon	1	-0.366745206	-0.366745206	-0.217994311	-0.217994311	Unmappable
2007	Democratic Republic of the Congo	1	-0.364386363	-0.364386363	-0.207325148	-0.207325148	Mappable
2013	Democratic Republic of the Congo	1	-0.369274755	-0.369274755	-0.207325148	-0.207325148	Mappable
2014	Democratic Republic of the Congo	1	-0.308349605	-0.308349605	-0.207325148	-0.207325148	Mappable
2019	Democratic Republic of the Congo	1	-0.291418223	-0.291418223	-0.207325148	-0.207325148	Mappable
1999	Denmark	1	-0.384361916	-0.384361916	-0.200212372	-0.200212372	Mappable
2002	Denmark	1	-0.351217423	-0.351217423	-0.200212372	-0.200212372	Mappable
2005	Denmark	1	-0.31785823	-0.31785823	-0.200212372	-0.200212372	Mappable
2011	Denmark	1	-0.366745206	-0.366745206	-0.200212372	-0.200212372	Mappable
2017	Denmark	2	-0.264246801	-0.264246801	-0.200212372	-0.200212372	Mappable
2002	Dominican Republic	1	-0.351217423	-0.351217423	-0.193099596	-0.193099596	Mappable
2009	Dominican Republic	1	-0.362716432	-0.362716432	-0.193099596	-0.193099596	Mappable
2014	Dominican Republic	5	-0.098281748	-0.098281748	-0.193099596	-0.193099596	Mappable
2016	Dominican Republic	1	-0.32711156	-0.32711156	-0.193099596	-0.193099596	Mappable
1997	Ecuador	1	-0.246900669	-0.246900669	-0.118415452	-0.118415452	Mappable
2000	Ecuador	1	-0.33292563	-0.33292563	-0.118415452	-0.118415452	Mappable
2011	Ecuador	1	-0.366745206	-0.366745206	-0.118415452	-0.118415452	Mappable
2013	Ecuador	2	-0.29299833	-0.29299833	-0.118415452	-0.118415452	Mappable
2014	Ecuador	3	-0.203315677	-0.203315677	-0.118415452	-0.118415452	Mappable
2016	Ecuador	4	-0.186920891	-0.186920891	-0.118415452	-0.118415452	Mappable
2017	Ecuador	1	-0.307345879	-0.307345879	-0.118415452	-0.118415452	Mappable
2018	Ecuador	2	-0.256640383	-0.256640383	-0.118415452	-0.118415452	Mappable
2019	Ecuador	3	-0.235047168	-0.235047168	-0.118415452	-0.118415452	Mappable
2020	Ecuador	2	-0.19944059	-0.19944059	-0.118415452	-0.118415452	Mappable
2021	Ecuador	2	-0.225530734	-0.225530734	-0.118415452	-0.118415452	Mappable
2022	Ecuador	1	-0.242328949	-0.242328949	-0.118415452	-0.118415452	Mappable
2023	Ecuador	2	-0.215519792	-0.215519792	-0.118415452	-0.118415452	Mappable
2024	Ecuador	4	-0.18352136	-0.18352136	-0.118415452	-0.118415452	Mappable
2003	Egypt	1	-0.347578901	-0.347578901	-0.193099596	-0.193099596	Mappable
2006	Egypt	1	-0.335966162	-0.335966162	-0.193099596	-0.193099596	Mappable
2007	Egypt	1	-0.364386363	-0.364386363	-0.193099596	-0.193099596	Mappable
2008	Egypt	1	-0.371412259	-0.371412259	-0.193099596	-0.193099596	Mappable
2014	Egypt	2	-0.255832641	-0.255832641	-0.193099596	-0.193099596	Mappable
2016	Egypt	1	-0.32711156	-0.32711156	-0.193099596	-0.193099596	Mappable
2023	Egypt	1	-0.231691551	-0.231691551	-0.193099596	-0.193099596	Mappable
2013	El Salvador	1	-0.369274755	-0.369274755	-0.217994311	-0.217994311	Mappable
2011	Eritrea	1	-0.366745206	-0.366745206	-0.214437923	-0.214437923	Mappable
2020	Eritrea	1	-0.234753013	-0.234753013	-0.214437923	-0.214437923	Mappable
2002	Estonia	1	-0.351217423	-0.351217423	-0.207325148	-0.207325148	Mappable
2014	Estonia	1	-0.308349605	-0.308349605	-0.207325148	-0.207325148	Mappable
2016	Estonia	1	-0.32711156	-0.32711156	-0.207325148	-0.207325148	Mappable
2019	Estonia	1	-0.291418223	-0.291418223	-0.207325148	-0.207325148	Mappable
1999	Ethiopia	1	-0.384361916	-0.384361916	-0.161092106	-0.161092106	Mappable
2006	Ethiopia	1	-0.335966162	-0.335966162	-0.161092106	-0.161092106	Mappable
2009	Ethiopia	1	-0.362716432	-0.362716432	-0.161092106	-0.161092106	Mappable
2010	Ethiopia	1	-0.378712956	-0.378712956	-0.161092106	-0.161092106	Mappable
2014	Ethiopia	2	-0.255832641	-0.255832641	-0.161092106	-0.161092106	Mappable
2015	Ethiopia	1	-0.362661335	-0.362661335	-0.161092106	-0.161092106	Mappable
2016	Ethiopia	1	-0.32711156	-0.32711156	-0.161092106	-0.161092106	Mappable
2017	Ethiopia	1	-0.307345879	-0.307345879	-0.161092106	-0.161092106	Mappable
2018	Ethiopia	3	-0.221491809	-0.221491809	-0.161092106	-0.161092106	Mappable
2019	Ethiopia	2	-0.263232696	-0.263232696	-0.161092106	-0.161092106	Mappable
2020	Ethiopia	3	-0.164128166	-0.164128166	-0.161092106	-0.161092106	Mappable
2001	Finland	1	-0.393714506	-0.393714506	-0.182430433	-0.182430433	Mappable
2005	Finland	1	-0.31785823	-0.31785823	-0.182430433	-0.182430433	Mappable
2007	Finland	1	-0.364386363	-0.364386363	-0.182430433	-0.182430433	Mappable
2011	Finland	1	-0.366745206	-0.366745206	-0.182430433	-0.182430433	Mappable
2012	Finland	1	-0.356715459	-0.356715459	-0.182430433	-0.182430433	Mappable
2013	Finland	1	-0.369274755	-0.369274755	-0.182430433	-0.182430433	Mappable
2014	Finland	1	-0.308349605	-0.308349605	-0.182430433	-0.182430433	Mappable
2015	Finland	1	-0.362661335	-0.362661335	-0.182430433	-0.182430433	Mappable
2018	Finland	1	-0.291788957	-0.291788957	-0.182430433	-0.182430433	Mappable
2020	Finland	1	-0.234753013	-0.234753013	-0.182430433	-0.182430433	Mappable
2021	Finland	1	-0.253722076	-0.253722076	-0.182430433	-0.182430433	Mappable
1993	France	1	-0.340298877	-0.340298877	-0.008167429	-0.008167429	Mappable
1995	France	1	-0.343413076	-0.343413076	-0.008167429	-0.008167429	Mappable
2002	France	1	-0.351217423	-0.351217423	-0.008167429	-0.008167429	Mappable
2003	France	1	-0.347578901	-0.347578901	-0.008167429	-0.008167429	Mappable
2004	France	1	-0.461597904	-0.461597904	-0.008167429	-0.008167429	Mappable
2005	France	2	-0.148609043	-0.148609043	-0.008167429	-0.008167429	Mappable
2006	France	1	-0.335966162	-0.335966162	-0.008167429	-0.008167429	Mappable
2007	France	5	0.12146212094676985	0.12146212094676985	-0.008167429	-0.008167429	Mappable
2008	France	1	-0.371412259	-0.371412259	-0.008167429	-0.008167429	Mappable
2009	France	2	-0.253901502	-0.253901502	-0.008167429	-0.008167429	Mappable
2010	France	2	-0.29272499	-0.29272499	-0.008167429	-0.008167429	Mappable
2011	France	3	-0.177457358	-0.177457358	-0.008167429	-0.008167429	Mappable
2012	France	3	-0.21677324	-0.21677324	-0.008167429	-0.008167429	Mappable
2013	France	2	-0.29299833	-0.29299833	-0.008167429	-0.008167429	Mappable
2014	France	4	-0.150798712	-0.150798712	-0.008167429	-0.008167429	Mappable
2015	France	5	-0.127046965	-0.127046965	-0.008167429	-0.008167429	Mappable
2016	France	2	-0.280381337	-0.280381337	-0.008167429	-0.008167429	Mappable
2017	France	4	-0.178048647	-0.178048647	-0.008167429	-0.008167429	Mappable
2018	France	3	-0.221491809	-0.221491809	-0.008167429	-0.008167429	Mappable
2019	France	4	-0.20686164	-0.20686164	-0.008167429	-0.008167429	Mappable
2020	France	2	-0.19944059	-0.19944059	-0.008167429	-0.008167429	Mappable
2021	France	1	-0.253722076	-0.253722076	-0.008167429	-0.008167429	Mappable
2022	France	3	-0.192116644	-0.192116644	-0.008167429	-0.008167429	Mappable
2023	France	4	-0.183176273	-0.183176273	-0.008167429	-0.008167429	Mappable
2024	France	2	-0.224515742	-0.224515742	-0.008167429	-0.008167429	Mappable
2013	Gabon	1	-0.369274755	-0.369274755	-0.214437923	-0.214437923	Mappable
2014	Gabon	1	-0.308349605	-0.308349605	-0.214437923	-0.214437923	Mappable
2006	Georgia	1	-0.335966162	-0.335966162	-0.214437923	-0.214437923	Mappable
2014	Georgia	1	-0.308349605	-0.308349605	-0.214437923	-0.214437923	Mappable
2003	Germany	1	-0.347578901	-0.347578901	-0.15397933	-0.15397933	Mappable
2006	Germany	1	-0.335966162	-0.335966162	-0.15397933	-0.15397933	Mappable
2007	Germany	1	-0.364386363	-0.364386363	-0.15397933	-0.15397933	Mappable
2010	Germany	2	-0.29272499	-0.29272499	-0.15397933	-0.15397933	Mappable
2011	Germany	1	-0.366745206	-0.366745206	-0.15397933	-0.15397933	Mappable
2012	Germany	1	-0.356715459	-0.356715459	-0.15397933	-0.15397933	Mappable
2013	Germany	1	-0.369274755	-0.369274755	-0.15397933	-0.15397933	Mappable
2015	Germany	1	-0.362661335	-0.362661335	-0.15397933	-0.15397933	Mappable
2016	Germany	1	-0.32711156	-0.32711156	-0.15397933	-0.15397933	Mappable
2018	Germany	4	-0.186343235	-0.186343235	-0.15397933	-0.15397933	Mappable
2020	Germany	2	-0.19944059	-0.19944059	-0.15397933	-0.15397933	Mappable
2021	Germany	2	-0.225530734	-0.225530734	-0.15397933	-0.15397933	Mappable
2024	Germany	1	-0.245012933	-0.245012933	-0.15397933	-0.15397933	Mappable
1998	Ghana	1	-0.34728663	-0.34728663	-0.185986821	-0.185986821	Mappable
1999	Ghana	1	-0.384361916	-0.384361916	-0.185986821	-0.185986821	Mappable
2007	Ghana	1	-0.364386363	-0.364386363	-0.185986821	-0.185986821	Mappable
2008	Ghana	1	-0.371412259	-0.371412259	-0.185986821	-0.185986821	Mappable
2011	Ghana	1	-0.366745206	-0.366745206	-0.185986821	-0.185986821	Mappable
2012	Ghana	1	-0.356715459	-0.356715459	-0.185986821	-0.185986821	Mappable
2013	Ghana	1	-0.369274755	-0.369274755	-0.185986821	-0.185986821	Mappable
2014	Ghana	1	-0.308349605	-0.308349605	-0.185986821	-0.185986821	Mappable
2016	Ghana	1	-0.32711156	-0.32711156	-0.185986821	-0.185986821	Mappable
2022	Ghana	1	-0.242328949	-0.242328949	-0.185986821	-0.185986821	Mappable
1992	Greece	1	-0.58663538	-0.58663538	0.062960328	0.062960328	Mappable
1995	Greece	1	-0.343413076	-0.343413076	0.062960328	0.062960328	Mappable
1996	Greece	1	-0.268006742	-0.268006742	0.062960328	0.062960328	Mappable
1997	Greece	1	-0.246900669	-0.246900669	0.062960328	0.062960328	Mappable
1999	Greece	2	-0.196103018	-0.196103018	0.062960328	0.062960328	Mappable
2000	Greece	1	-0.33292563	-0.33292563	0.062960328	0.062960328	Mappable
2001	Greece	1	-0.393714506	-0.393714506	0.062960328	0.062960328	Mappable
2002	Greece	2	-0.190242771	-0.190242771	0.062960328	0.062960328	Mappable
2003	Greece	1	-0.347578901	-0.347578901	0.062960328	0.062960328	Mappable
2004	Greece	2	-0.325068946	-0.325068946	0.062960328	0.062960328	Mappable
2005	Greece	1	-0.31785823	-0.31785823	0.062960328	0.062960328	Mappable
2006	Greece	5	0.16652235861859305	0.16652235861859305	0.062960328	0.062960328	Mappable
2007	Greece	3	-0.121462121	-0.121462121	0.062960328	0.062960328	Mappable
2008	Greece	3	-0.133708413	-0.133708413	0.062960328	0.062960328	Mappable
2009	Greece	2	-0.253901502	-0.253901502	0.062960328	0.062960328	Mappable
2010	Greece	1	-0.378712956	-0.378712956	0.062960328	0.062960328	Mappable
2011	Greece	4	-0.082813434	-0.082813434	0.062960328	0.062960328	Mappable
2012	Greece	2	-0.28674435	-0.28674435	0.062960328	0.062960328	Mappable
2013	Greece	5	-0.064169056	-0.064169056	0.062960328	0.062960328	Mappable
2014	Greece	6	-0.045764783	-0.045764783	0.062960328	0.062960328	Mappable
2015	Greece	4	-0.185950557	-0.185950557	0.062960328	0.062960328	Mappable
2016	Greece	3	-0.233651114	-0.233651114	0.062960328	0.062960328	Mappable
2017	Greece	3	-0.221147724	-0.221147724	0.062960328	0.062960328	Mappable
2018	Greece	5	-0.151194661	-0.151194661	0.062960328	0.062960328	Mappable
2019	Greece	3	-0.235047168	-0.235047168	0.062960328	0.062960328	Mappable
2020	Greece	7	-0.022878472	-0.022878472	0.062960328	0.062960328	Mappable
2021	Greece	4	-0.16914805	-0.16914805	0.062960328	0.062960328	Mappable
2022	Greece	1	-0.242328949	-0.242328949	0.062960328	0.062960328	Mappable
2023	Greece	2	-0.215519792	-0.215519792	0.062960328	0.062960328	Mappable
2024	Greece	3	-0.204018551	-0.204018551	0.062960328	0.062960328	Mappable
1982	Guatemala	1	NA	NA	-0.207325148	-0.207325148	Mappable
1995	Guatemala	1	-0.343413076	-0.343413076	-0.207325148	-0.207325148	Mappable
2008	Guatemala	1	-0.371412259	-0.371412259	-0.207325148	-0.207325148	Mappable
2010	Guatemala	1	-0.378712956	-0.378712956	-0.207325148	-0.207325148	Mappable
2020	Guinea-Bissau	1	-0.234753013	-0.234753013	-0.214437923	-0.214437923	Mappable
2021	Guinea-Bissau	1	-0.253722076	-0.253722076	-0.214437923	-0.214437923	Mappable
2018	Guyana	1	-0.291788957	-0.291788957	-0.217994311	-0.217994311	Mappable
2016	Haiti	1	-0.32711156	-0.32711156	-0.210881535	-0.210881535	Mappable
2020	Haiti	2	-0.19944059	-0.19944059	-0.210881535	-0.210881535	Mappable
1996	Honduras	1	-0.268006742	-0.268006742	-0.171761269	-0.171761269	Mappable
2000	Honduras	1	-0.33292563	-0.33292563	-0.171761269	-0.171761269	Mappable
2001	Honduras	2	-0.158755849	-0.158755849	-0.171761269	-0.171761269	Mappable
2002	Honduras	2	-0.190242771	-0.190242771	-0.171761269	-0.171761269	Mappable
2006	Honduras	2	-0.210344032	-0.210344032	-0.171761269	-0.171761269	Mappable
2010	Honduras	1	-0.378712956	-0.378712956	-0.171761269	-0.171761269	Mappable
2012	Honduras	1	-0.356715459	-0.356715459	-0.171761269	-0.171761269	Mappable
2013	Honduras	3	-0.216721906	-0.216721906	-0.171761269	-0.171761269	Mappable
2014	Honduras	1	-0.308349605	-0.308349605	-0.171761269	-0.171761269	Mappable
1997	Hungary	1	-0.246900669	-0.246900669	-0.043731307	-0.043731307	Mappable
1998	Hungary	1	-0.34728663	-0.34728663	-0.043731307	-0.043731307	Mappable
2000	Hungary	2	-0.182166854	-0.182166854	-0.043731307	-0.043731307	Mappable
2003	Hungary	1	-0.347578901	-0.347578901	-0.043731307	-0.043731307	Mappable
2006	Hungary	3	-0.084721902	-0.084721902	-0.043731307	-0.043731307	Mappable
2007	Hungary	2	-0.242924242	-0.242924242	-0.043731307	-0.043731307	Mappable
2008	Hungary	1	-0.371412259	-0.371412259	-0.043731307	-0.043731307	Mappable
2009	Hungary	1	-0.362716432	-0.362716432	-0.043731307	-0.043731307	Mappable
2010	Hungary	2	-0.29272499	-0.29272499	-0.043731307	-0.043731307	Mappable
2011	Hungary	2	-0.272101282	-0.272101282	-0.043731307	-0.043731307	Mappable
2012	Hungary	5	-0.076831022	-0.076831022	-0.043731307	-0.043731307	Mappable
2013	Hungary	1	-0.369274755	-0.369274755	-0.043731307	-0.043731307	Mappable
2014	Hungary	4	-0.150798712	-0.150798712	-0.043731307	-0.043731307	Mappable
2015	Hungary	1	-0.362661335	-0.362661335	-0.043731307	-0.043731307	Mappable
2016	Hungary	1	-0.32711156	-0.32711156	-0.043731307	-0.043731307	Mappable
2017	Hungary	4	-0.178048647	-0.178048647	-0.043731307	-0.043731307	Mappable
2018	Hungary	3	-0.221491809	-0.221491809	-0.043731307	-0.043731307	Mappable
2019	Hungary	2	-0.263232696	-0.263232696	-0.043731307	-0.043731307	Mappable
2020	Hungary	2	-0.19944059	-0.19944059	-0.043731307	-0.043731307	Mappable
2021	Hungary	2	-0.225530734	-0.225530734	-0.043731307	-0.043731307	Mappable
2022	Hungary	4	-0.167010492	-0.167010492	-0.043731307	-0.043731307	Mappable
2023	Hungary	3	-0.199348033	-0.199348033	-0.043731307	-0.043731307	Mappable
2024	Hungary	2	-0.224515742	-0.224515742	-0.043731307	-0.043731307	Mappable
2001	Iceland	1	-0.393714506	-0.393714506	-0.214437923	-0.214437923	Mappable
2024	Iceland	1	-0.245012933	-0.245012933	-0.214437923	-0.214437923	Mappable
1985	India	1	-0.63900965	-0.63900965	0.6177568309032965	0.6177568309032965	Mappable
1987	India	1	-0.447213595	-0.447213595	0.6177568309032965	0.6177568309032965	Mappable
1988	India	1	-0.45596467	-0.45596467	0.6177568309032965	0.6177568309032965	Mappable
1993	India	1	-0.340298877	-0.340298877	0.6177568309032965	0.6177568309032965	Mappable
2000	India	1	-0.33292563	-0.33292563	0.6177568309032965	0.6177568309032965	Mappable
2001	India	2	-0.158755849	-0.158755849	0.6177568309032965	0.6177568309032965	Mappable
2002	India	1	-0.351217423	-0.351217423	0.6177568309032965	0.6177568309032965	Mappable
2003	India	3	-0.023171927	-0.023171927	0.6177568309032965	0.6177568309032965	Mappable
2004	India	3	-0.188539989	-0.188539989	0.6177568309032965	0.6177568309032965	Mappable
2006	India	2	-0.210344032	-0.210344032	0.6177568309032965	0.6177568309032965	Mappable
2007	India	4	0	0	0.6177568309032965	0.6177568309032965	Mappable
2008	India	3	-0.133708413	-0.133708413	0.6177568309032965	0.6177568309032965	Mappable
2009	India	1	-0.362716432	-0.362716432	0.6177568309032965	0.6177568309032965	Mappable
2010	India	6	0.051226873	0.051226873	0.6177568309032965	0.6177568309032965	Mappable
2011	India	8	0.29576226273185907	0.29576226273185907	0.6177568309032965	0.6177568309032965	Mappable
2012	India	8	0.1330823058631921	0.1330823058631921	0.6177568309032965	0.6177568309032965	Mappable
2013	India	9	0.24093664358006828	0.24093664358006828	0.6177568309032965	0.6177568309032965	Mappable
2014	India	16	0.47940486105775326	0.47940486105775326	0.6177568309032965	0.6177568309032965	Mappable
2015	India	18	0.6386997397888197	0.6386997397888197	0.6177568309032965	0.6177568309032965	Mappable
2016	India	16	0.37384178233474213	0.37384178233474213	0.6177568309032965	0.6177568309032965	Mappable
2017	India	12	0.16674397096096777	0.16674397096096777	0.6177568309032965	0.6177568309032965	Mappable
2018	India	13	0.1299939332549156	0.1299939332549156	0.6177568309032965	0.6177568309032965	Mappable
2019	India	19	0.21592127434640102	0.21592127434640102	0.6177568309032965	0.6177568309032965	Mappable
2020	India	9	0.047746375566161466	0.047746375566161466	0.6177568309032965	0.6177568309032965	Mappable
2021	India	23	0.3664874424706801	0.3664874424706801	0.6177568309032965	0.6177568309032965	Mappable
2022	India	17	0.15936948892206937	0.15936948892206937	0.6177568309032965	0.6177568309032965	Mappable
2023	India	26	0.17260243067867834	0.17260243067867834	0.6177568309032965	0.6177568309032965	Mappable
2024	India	12	-0.019543833	-0.019543833	0.6177568309032965	0.6177568309032965	Mappable
2003	Indonesia	1	-0.347578901	-0.347578901	-0.20376876	-0.20376876	Mappable
2007	Indonesia	1	-0.364386363	-0.364386363	-0.20376876	-0.20376876	Mappable
2011	Indonesia	1	-0.366745206	-0.366745206	-0.20376876	-0.20376876	Mappable
2013	Indonesia	1	-0.369274755	-0.369274755	-0.20376876	-0.20376876	Mappable
2014	Indonesia	1	-0.308349605	-0.308349605	-0.20376876	-0.20376876	Mappable
2001	Iran	3	0.076202808	0.076202808	-0.029505756	-0.029505756	Mappable
2002	Iran	3	-0.029268119	-0.029268119	-0.029505756	-0.029505756	Mappable
2003	Iran	1	-0.347578901	-0.347578901	-0.029505756	-0.029505756	Mappable
2005	Iran	5	0.35913852	0.35913852	-0.029505756	-0.029505756	Mappable
2006	Iran	3	-0.084721902	-0.084721902	-0.029505756	-0.029505756	Mappable
2007	Iran	2	-0.242924242	-0.242924242	-0.029505756	-0.029505756	Mappable
2010	Iran	1	-0.378712956	-0.378712956	-0.029505756	-0.029505756	Mappable
2011	Iran	3	-0.177457358	-0.177457358	-0.029505756	-0.029505756	Mappable
2012	Iran	4	-0.146802131	-0.146802131	-0.029505756	-0.029505756	Mappable
2013	Iran	5	-0.064169056	-0.064169056	-0.029505756	-0.029505756	Mappable
2014	Iran	2	-0.255832641	-0.255832641	-0.029505756	-0.029505756	Mappable
2015	Iran	2	-0.303757742	-0.303757742	-0.029505756	-0.029505756	Mappable
2016	Iran	2	-0.280381337	-0.280381337	-0.029505756	-0.029505756	Mappable
2017	Iran	5	-0.13494957	-0.13494957	-0.029505756	-0.029505756	Mappable
2018	Iran	4	-0.186343235	-0.186343235	-0.029505756	-0.029505756	Mappable
2019	Iran	1	-0.291418223	-0.291418223	-0.029505756	-0.029505756	Mappable
2020	Iran	2	-0.19944059	-0.19944059	-0.029505756	-0.029505756	Mappable
2021	Iran	2	-0.225530734	-0.225530734	-0.029505756	-0.029505756	Mappable
2022	Iran	2	-0.217222797	-0.217222797	-0.029505756	-0.029505756	Mappable
2024	Iran	2	-0.224515742	-0.224515742	-0.029505756	-0.029505756	Mappable
2013	Iraq	1	-0.369274755	-0.369274755	-0.210881535	-0.210881535	Mappable
2020	Iraq	1	-0.234753013	-0.234753013	-0.210881535	-0.210881535	Mappable
2021	Iraq	1	-0.253722076	-0.253722076	-0.210881535	-0.210881535	Mappable
2020	Ireland	1	-0.234753013	-0.234753013	-0.214437923	-0.214437923	Mappable
2023	Ireland	1	-0.231691551	-0.231691551	-0.214437923	-0.214437923	Mappable
1996	Israel	1	-0.268006742	-0.268006742	-0.143310166	-0.143310166	Mappable
1997	Israel	1	-0.246900669	-0.246900669	-0.143310166	-0.143310166	Mappable
1999	Israel	1	-0.384361916	-0.384361916	-0.143310166	-0.143310166	Mappable
2000	Israel	1	-0.33292563	-0.33292563	-0.143310166	-0.143310166	Mappable
2002	Israel	1	-0.351217423	-0.351217423	-0.143310166	-0.143310166	Mappable
2004	Israel	4	-0.052011031	-0.052011031	-0.143310166	-0.143310166	Mappable
2005	Israel	1	-0.31785823	-0.31785823	-0.143310166	-0.143310166	Mappable
2008	Israel	1	-0.371412259	-0.371412259	-0.143310166	-0.143310166	Mappable
2013	Israel	3	-0.216721906	-0.216721906	-0.143310166	-0.143310166	Mappable
2016	Israel	3	-0.233651114	-0.233651114	-0.143310166	-0.143310166	Mappable
2018	Israel	1	-0.291788957	-0.291788957	-0.143310166	-0.143310166	Mappable
2019	Israel	1	-0.291418223	-0.291418223	-0.143310166	-0.143310166	Mappable
2020	Israel	1	-0.234753013	-0.234753013	-0.143310166	-0.143310166	Mappable
2022	Israel	1	-0.242328949	-0.242328949	-0.143310166	-0.143310166	Mappable
2024	Israel	1	-0.245012933	-0.245012933	-0.143310166	-0.143310166	Mappable
1995	Italy	2	-0.178066039	-0.178066039	1.314808847192322	1.314808847192322	Mappable
1996	Italy	1	-0.268006742	-0.268006742	1.314808847192322	1.314808847192322	Mappable
1997	Italy	2	-0.054009521	-0.054009521	1.314808847192322	1.314808847192322	Mappable
1998	Italy	3	0.019293701661236024	0.019293701661236024	1.314808847192322	1.314808847192322	Mappable
1999	Italy	7	0.7451914696088128	0.7451914696088128	1.314808847192322	1.314808847192322	Mappable
2000	Italy	3	-0.031408078	-0.031408078	1.314808847192322	1.314808847192322	Mappable
2001	Italy	10	1.7209134034420184	1.7209134034420184	1.314808847192322	1.314808847192322	Mappable
2002	Italy	10	1.0975544464534093	1.0975544464534093	1.314808847192322	1.314808847192322	Mappable
2003	Italy	13	1.5988629452016605	1.5988629452016605	1.314808847192322	1.314808847192322	Mappable
2004	Italy	18	1.8593943728843796	1.8593943728843796	1.314808847192322	1.314808847192322	Mappable
2005	Italy	10	1.2053844579790536	1.2053844579790536	1.314808847192322	1.314808847192322	Mappable
2006	Italy	15	1.4227436604781547	1.4227436604781547	1.314808847192322	1.314808847192322	Mappable
2007	Italy	30	3.1580151446160163	3	1.314808847192322	1.314808847192322	Mappable
2008	Italy	22	2.124478119630192	2.124478119630192	1.314808847192322	1.314808847192322	Mappable
2009	Italy	27	2.4664717385328427	2.4664717385328427	1.314808847192322	1.314808847192322	Mappable
2010	Italy	29	2.028950088241356	2.028950088241356	1.314808847192322	1.314808847192322	Mappable
2011	Italy	20	1.4314893516221978	1.4314893516221978	1.314808847192322	1.314808847192322	Mappable
2012	Italy	12	0.41296674293629715	0.41296674293629715	1.314808847192322	1.314808847192322	Mappable
2013	Italy	14	0.6223187678399752	0.6223187678399752	1.314808847192322	1.314808847192322	Mappable
2014	Italy	17	0.5319218254928749	0.5319218254928749	1.314808847192322	1.314808847192322	Mappable
2015	Italy	15	0.4619889618725639	0.4619889618725639	1.314808847192322	1.314808847192322	Mappable
2016	Italy	18	0.4673022279184276	0.4673022279184276	1.314808847192322	1.314808847192322	Mappable
2017	Italy	13	0.20984304820087893	0.20984304820087893	1.314808847192322	1.314808847192322	Mappable
2018	Italy	25	0.5517768239876032	0.5517768239876032	1.314808847192322	1.314808847192322	Mappable
2019	Italy	22	0.30047785730722937	0.30047785730722937	1.314808847192322	1.314808847192322	Mappable
2020	Italy	18	0.3655581879284237	0.3655581879284237	1.314808847192322	1.314808847192322	Mappable
2021	Italy	19	0.2537220755566247	0.2537220755566247	1.314808847192322	1.314808847192322	Mappable
2022	Italy	12	0.033838727099891434	0.033838727099891434	1.314808847192322	1.314808847192322	Mappable
2023	Italy	15	-0.005286921	-0.005286921	1.314808847192322	1.314808847192322	Mappable
2024	Italy	10	-0.060538215	-0.060538215	1.314808847192322	1.314808847192322	Mappable
2006	Jamaica	1	-0.335966162	-0.335966162	-0.210881535	-0.210881535	Mappable
2008	Jamaica	1	-0.371412259	-0.371412259	-0.210881535	-0.210881535	Mappable
2024	Jamaica	1	-0.245012933	-0.245012933	-0.210881535	-0.210881535	Mappable
2002	Japan	1	-0.351217423	-0.351217423	-0.093520737	-0.093520737	Mappable
2006	Japan	1	-0.335966162	-0.335966162	-0.093520737	-0.093520737	Mappable
2007	Japan	1	-0.364386363	-0.364386363	-0.093520737	-0.093520737	Mappable
2009	Japan	3	-0.145086573	-0.145086573	-0.093520737	-0.093520737	Mappable
2010	Japan	1	-0.378712956	-0.378712956	-0.093520737	-0.093520737	Mappable
2012	Japan	1	-0.356715459	-0.356715459	-0.093520737	-0.093520737	Mappable
2014	Japan	2	-0.255832641	-0.255832641	-0.093520737	-0.093520737	Mappable
2015	Japan	3	-0.24485415	-0.24485415	-0.093520737	-0.093520737	Mappable
2016	Japan	3	-0.233651114	-0.233651114	-0.093520737	-0.093520737	Mappable
2017	Japan	4	-0.178048647	-0.178048647	-0.093520737	-0.093520737	Mappable
2018	Japan	1	-0.291788957	-0.291788957	-0.093520737	-0.093520737	Mappable
2019	Japan	3	-0.235047168	-0.235047168	-0.093520737	-0.093520737	Mappable
2020	Japan	1	-0.234753013	-0.234753013	-0.093520737	-0.093520737	Mappable
2021	Japan	5	-0.140956709	-0.140956709	-0.093520737	-0.093520737	Mappable
2022	Japan	3	-0.192116644	-0.192116644	-0.093520737	-0.093520737	Mappable
2023	Japan	2	-0.215519792	-0.215519792	-0.093520737	-0.093520737	Mappable
2024	Japan	1	-0.245012933	-0.245012933	-0.093520737	-0.093520737	Mappable
2005	Jordan	1	-0.31785823	-0.31785823	-0.157535718	-0.157535718	Mappable
2013	Jordan	1	-0.369274755	-0.369274755	-0.157535718	-0.157535718	Mappable
2014	Jordan	1	-0.308349605	-0.308349605	-0.157535718	-0.157535718	Mappable
2015	Jordan	1	-0.362661335	-0.362661335	-0.157535718	-0.157535718	Mappable
2016	Jordan	1	-0.32711156	-0.32711156	-0.157535718	-0.157535718	Mappable
2019	Jordan	2	-0.263232696	-0.263232696	-0.157535718	-0.157535718	Mappable
2020	Jordan	5	-0.093503319	-0.093503319	-0.157535718	-0.157535718	Mappable
2021	Jordan	2	-0.225530734	-0.225530734	-0.157535718	-0.157535718	Mappable
2023	Jordan	2	-0.215519792	-0.215519792	-0.157535718	-0.157535718	Mappable
2024	Jordan	2	-0.224515742	-0.224515742	-0.157535718	-0.157535718	Mappable
2016	Kazakhstan	1	-0.32711156	-0.32711156	-0.193099596	-0.193099596	Mappable
2019	Kazakhstan	1	-0.291418223	-0.291418223	-0.193099596	-0.193099596	Mappable
2020	Kazakhstan	2	-0.19944059	-0.19944059	-0.193099596	-0.193099596	Mappable
2021	Kazakhstan	3	-0.197339392	-0.197339392	-0.193099596	-0.193099596	Mappable
2023	Kazakhstan	1	-0.231691551	-0.231691551	-0.193099596	-0.193099596	Mappable
1999	Kenya	2	-0.196103018	-0.196103018	-0.171761269	-0.171761269	Mappable
2001	Kenya	1	-0.393714506	-0.393714506	-0.171761269	-0.171761269	Mappable
2006	Kenya	1	-0.335966162	-0.335966162	-0.171761269	-0.171761269	Mappable
2012	Kenya	2	-0.28674435	-0.28674435	-0.171761269	-0.171761269	Mappable
2014	Kenya	1	-0.308349605	-0.308349605	-0.171761269	-0.171761269	Mappable
2015	Kenya	1	-0.362661335	-0.362661335	-0.171761269	-0.171761269	Mappable
2016	Kenya	2	-0.280381337	-0.280381337	-0.171761269	-0.171761269	Mappable
2018	Kenya	2	-0.256640383	-0.256640383	-0.171761269	-0.171761269	Mappable
2019	Kenya	2	-0.263232696	-0.263232696	-0.171761269	-0.171761269	Mappable
2016	Kuwait	1	-0.32711156	-0.32711156	-0.217994311	-0.217994311	Mappable
2022	Kyrgyzstan	1	-0.242328949	-0.242328949	-0.217994311	-0.217994311	Mappable
2014	Lao PDR	1	-0.308349605	-0.308349605	-0.214437923	-0.214437923	Mappable
2018	Lao PDR	1	-0.291788957	-0.291788957	-0.214437923	-0.214437923	Mappable
2022	Latvia	1	-0.242328949	-0.242328949	-0.217994311	-0.217994311	Mappable
1996	Lebanon	1	-0.268006742	-0.268006742	-0.171761269	-0.171761269	Mappable
1997	Lebanon	1	-0.246900669	-0.246900669	-0.171761269	-0.171761269	Mappable
2001	Lebanon	2	-0.158755849	-0.158755849	-0.171761269	-0.171761269	Mappable
2002	Lebanon	1	-0.351217423	-0.351217423	-0.171761269	-0.171761269	Mappable
2005	Lebanon	1	-0.31785823	-0.31785823	-0.171761269	-0.171761269	Mappable
2006	Lebanon	3	-0.084721902	-0.084721902	-0.171761269	-0.171761269	Mappable
2012	Lebanon	3	-0.21677324	-0.21677324	-0.171761269	-0.171761269	Mappable
2013	Lebanon	1	-0.369274755	-0.369274755	-0.171761269	-0.171761269	Mappable
2017	Lebanon	1	-0.307345879	-0.307345879	-0.171761269	-0.171761269	Mappable
2015	Libya	1	-0.362661335	-0.362661335	-0.217994311	-0.217994311	Mappable
1998	Lithuania	1	-0.34728663	-0.34728663	-0.189543208	-0.189543208	Mappable
2000	Lithuania	1	-0.33292563	-0.33292563	-0.189543208	-0.189543208	Mappable
2001	Lithuania	1	-0.393714506	-0.393714506	-0.189543208	-0.189543208	Mappable
2005	Lithuania	1	-0.31785823	-0.31785823	-0.189543208	-0.189543208	Mappable
2009	Lithuania	1	-0.362716432	-0.362716432	-0.189543208	-0.189543208	Mappable
2016	Lithuania	1	-0.32711156	-0.32711156	-0.189543208	-0.189543208	Mappable
2017	Lithuania	1	-0.307345879	-0.307345879	-0.189543208	-0.189543208	Mappable
2018	Lithuania	1	-0.291788957	-0.291788957	-0.189543208	-0.189543208	Mappable
2024	Lithuania	1	-0.245012933	-0.245012933	-0.189543208	-0.189543208	Mappable
2008	Luxembourg	1	-0.371412259	-0.371412259	-0.207325148	-0.207325148	Mappable
2009	Luxembourg	3	-0.145086573	-0.145086573	-0.207325148	-0.207325148	Mappable
2014	Macedonia	2	-0.255832641	-0.255832641	-0.207325148	-0.207325148	Mappable
2020	Macedonia	2	-0.19944059	-0.19944059	-0.207325148	-0.207325148	Mappable
2021	Madagascar	1	-0.253722076	-0.253722076	-0.210881535	-0.210881535	Mappable
2023	Madagascar	2	-0.215519792	-0.215519792	-0.210881535	-0.210881535	Mappable
1993	Malawi	1	-0.340298877	-0.340298877	-0.20376876	-0.20376876	Mappable
1996	Malawi	1	-0.268006742	-0.268006742	-0.20376876	-0.20376876	Mappable
1997	Malawi	1	-0.246900669	-0.246900669	-0.20376876	-0.20376876	Mappable
2015	Malawi	2	-0.303757742	-0.303757742	-0.20376876	-0.20376876	Mappable
2009	Malaysia	1	-0.362716432	-0.362716432	0.041622001	0.041622001	Mappable
2010	Malaysia	1	-0.378712956	-0.378712956	0.041622001	0.041622001	Mappable
2011	Malaysia	3	-0.177457358	-0.177457358	0.041622001	0.041622001	Mappable
2012	Malaysia	4	-0.146802131	-0.146802131	0.041622001	0.041622001	Mappable
2013	Malaysia	10	0.31721306843204966	0.31721306843204966	0.041622001	0.041622001	Mappable
2014	Malaysia	1	-0.308349605	-0.308349605	0.041622001	0.041622001	Mappable
2015	Malaysia	1	-0.362661335	-0.362661335	0.041622001	0.041622001	Mappable
2016	Malaysia	3	-0.233651114	-0.233651114	0.041622001	0.041622001	Mappable
2017	Malaysia	2	-0.264246801	-0.264246801	0.041622001	0.041622001	Mappable
2018	Malaysia	1	-0.291788957	-0.291788957	0.041622001	0.041622001	Mappable
2019	Malaysia	7	-0.122305057	-0.122305057	0.041622001	0.041622001	Mappable
2020	Malaysia	1	-0.234753013	-0.234753013	0.041622001	0.041622001	Mappable
2021	Malaysia	10	0	0	0.041622001	0.041622001	Mappable
2022	Malaysia	9	-0.04147973	-0.04147973	0.041622001	0.041622001	Mappable
2023	Malaysia	16	0.010884837970727467	0.010884837970727467	0.041622001	0.041622001	Mappable
2024	Malaysia	4	-0.18352136	-0.18352136	0.041622001	0.041622001	Mappable
2008	Mali	1	-0.371412259	-0.371412259	-0.200212372	-0.200212372	Mappable
2010	Mali	2	-0.29272499	-0.29272499	-0.200212372	-0.200212372	Mappable
2013	Mali	1	-0.369274755	-0.369274755	-0.200212372	-0.200212372	Mappable
2020	Mali	1	-0.234753013	-0.234753013	-0.200212372	-0.200212372	Mappable
2022	Mali	1	-0.242328949	-0.242328949	-0.200212372	-0.200212372	Mappable
1993	Mexico	2	-0.139213177	-0.139213177	0.5466290741391102	0.5466290741391102	Mappable
1994	Mexico	3	-0.169901983	-0.169901983	0.5466290741391102	0.5466290741391102	Mappable
1996	Mexico	1	-0.268006742	-0.268006742	0.5466290741391102	0.5466290741391102	Mappable
1997	Mexico	1	-0.246900669	-0.246900669	0.5466290741391102	0.5466290741391102	Mappable
1998	Mexico	2	-0.163996464	-0.163996464	0.5466290741391102	0.5466290741391102	Mappable
1999	Mexico	3	-0.007844121	-0.007844121	0.5466290741391102	0.5466290741391102	Mappable
2000	Mexico	3	-0.031408078	-0.031408078	0.5466290741391102	0.5466290741391102	Mappable
2001	Mexico	1	-0.393714506	-0.393714506	0.5466290741391102	0.5466290741391102	Mappable
2002	Mexico	2	-0.190242771	-0.190242771	0.5466290741391102	0.5466290741391102	Mappable
2003	Mexico	3	-0.023171927	-0.023171927	0.5466290741391102	0.5466290741391102	Mappable
2005	Mexico	1	-0.31785823	-0.31785823	0.5466290741391102	0.5466290741391102	Mappable
2006	Mexico	8	0.5433887491764615	0.5433887491764615	0.5466290741391102	0.5466290741391102	Mappable
2007	Mexico	8	0.4858484837870794	0.4858484837870794	0.5466290741391102	0.5466290741391102	Mappable
2008	Mexico	3	-0.133708413	-0.133708413	0.5466290741391102	0.5466290741391102	Mappable
2009	Mexico	7	0.2901731457097462	0.2901731457097462	0.5466290741391102	0.5466290741391102	Mappable
2010	Mexico	7	0.13721483915067786	0.13721483915067786	0.5466290741391102	0.5466290741391102	Mappable
2011	Mexico	6	0.10647441458346926	0.10647441458346926	0.5466290741391102	0.5466290741391102	Mappable
2012	Mexico	7	0.063111197	0.063111197	0.5466290741391102	0.5466290741391102	Mappable
2013	Mexico	8	0.16466021872808687	0.16466021872808687	0.5466290741391102	0.5466290741391102	Mappable
2014	Mexico	9	0.1117861100119018	0.1117861100119018	0.5466290741391102	0.5466290741391102	Mappable
2015	Mexico	7	-0.009239779	-0.009239779	0.5466290741391102	0.5466290741391102	Mappable
2016	Mexico	13	0.2336511139592138	0.2336511139592138	0.5466290741391102	0.5466290741391102	Mappable
2017	Mexico	10	0.080545816	0.080545816	0.5466290741391102	0.5466290741391102	Mappable
2018	Mexico	11	0.059696785	0.059696785	0.5466290741391102	0.5466290741391102	Mappable
2019	Mexico	15	0.1031791637319632	0.1031791637319632	0.5466290741391102	0.5466290741391102	Mappable
2020	Mexico	10	0.083058799	0.083058799	0.5466290741391102	0.5466290741391102	Mappable
2021	Mexico	14	0.11276536691405542	0.11276536691405542	0.5466290741391102	0.5466290741391102	Mappable
2022	Mexico	13	0.058944879	0.058944879	0.5466290741391102	0.5466290741391102	Mappable
2023	Mexico	25	0.15643067140788325	0.15643067140788325	0.5466290741391102	0.5466290741391102	Mappable
2024	Mexico	13	9.533577153474962e-4	9.533577153474962e-4	0.5466290741391102	0.5466290741391102	Mappable
2011	Montenegro	1	-0.366745206	-0.366745206	-0.164648494	-0.164648494	Mappable
2012	Montenegro	2	-0.28674435	-0.28674435	-0.164648494	-0.164648494	Mappable
2013	Montenegro	2	-0.29299833	-0.29299833	-0.164648494	-0.164648494	Mappable
2014	Montenegro	2	-0.255832641	-0.255832641	-0.164648494	-0.164648494	Mappable
2016	Montenegro	2	-0.280381337	-0.280381337	-0.164648494	-0.164648494	Mappable
2017	Montenegro	1	-0.307345879	-0.307345879	-0.164648494	-0.164648494	Mappable
2019	Montenegro	1	-0.291418223	-0.291418223	-0.164648494	-0.164648494	Mappable
2020	Montenegro	1	-0.234753013	-0.234753013	-0.164648494	-0.164648494	Mappable
2021	Montenegro	1	-0.253722076	-0.253722076	-0.164648494	-0.164648494	Mappable
2022	Montenegro	1	-0.242328949	-0.242328949	-0.164648494	-0.164648494	Mappable
2023	Montenegro	1	-0.231691551	-0.231691551	-0.164648494	-0.164648494	Mappable
2024	Montenegro	1	-0.245012933	-0.245012933	-0.164648494	-0.164648494	Mappable
1994	Morocco	1	-0.405150882	-0.405150882	-0.157535718	-0.157535718	Mappable
1997	Morocco	1	-0.246900669	-0.246900669	-0.157535718	-0.157535718	Mappable
1999	Morocco	2	-0.196103018	-0.196103018	-0.157535718	-0.157535718	Mappable
2000	Morocco	1	-0.33292563	-0.33292563	-0.157535718	-0.157535718	Mappable
2004	Morocco	1	-0.461597904	-0.461597904	-0.157535718	-0.157535718	Mappable
2005	Morocco	1	-0.31785823	-0.31785823	-0.157535718	-0.157535718	Mappable
2008	Morocco	1	-0.371412259	-0.371412259	-0.157535718	-0.157535718	Mappable
2012	Morocco	1	-0.356715459	-0.356715459	-0.157535718	-0.157535718	Mappable
2014	Morocco	1	-0.308349605	-0.308349605	-0.157535718	-0.157535718	Mappable
2016	Morocco	1	-0.32711156	-0.32711156	-0.157535718	-0.157535718	Mappable
2017	Morocco	1	-0.307345879	-0.307345879	-0.157535718	-0.157535718	Mappable
2018	Morocco	2	-0.256640383	-0.256640383	-0.157535718	-0.157535718	Mappable
2019	Morocco	1	-0.291418223	-0.291418223	-0.157535718	-0.157535718	Mappable
2020	Morocco	1	-0.234753013	-0.234753013	-0.157535718	-0.157535718	Mappable
2021	Morocco	1	-0.253722076	-0.253722076	-0.157535718	-0.157535718	Mappable
2023	Morocco	1	-0.231691551	-0.231691551	-0.157535718	-0.157535718	Mappable
1997	Mozambique	1	-0.246900669	-0.246900669	-0.210881535	-0.210881535	Mappable
2003	Mozambique	1	-0.347578901	-0.347578901	-0.210881535	-0.210881535	Mappable
2010	Mozambique	1	-0.378712956	-0.378712956	-0.210881535	-0.210881535	Mappable
2007	Myanmar	1	-0.364386363	-0.364386363	-0.214437923	-0.214437923	Mappable
2020	Myanmar	1	-0.234753013	-0.234753013	-0.214437923	-0.214437923	Mappable
1989	Nepal	1	-0.5	-0.5	-0.193099596	-0.193099596	Mappable
1998	Nepal	1	-0.34728663	-0.34728663	-0.193099596	-0.193099596	Mappable
2009	Nepal	1	-0.362716432	-0.362716432	-0.193099596	-0.193099596	Mappable
2010	Nepal	1	-0.378712956	-0.378712956	-0.193099596	-0.193099596	Mappable
2013	Nepal	1	-0.369274755	-0.369274755	-0.193099596	-0.193099596	Mappable
2016	Nepal	1	-0.32711156	-0.32711156	-0.193099596	-0.193099596	Mappable
2022	Nepal	2	-0.217222797	-0.217222797	-0.193099596	-0.193099596	Mappable
2005	Netherlands	1	-0.31785823	-0.31785823	-0.157535718	-0.157535718	Mappable
2007	Netherlands	1	-0.364386363	-0.364386363	-0.157535718	-0.157535718	Mappable
2009	Netherlands	1	-0.362716432	-0.362716432	-0.157535718	-0.157535718	Mappable
2010	Netherlands	2	-0.29272499	-0.29272499	-0.157535718	-0.157535718	Mappable
2012	Netherlands	1	-0.356715459	-0.356715459	-0.157535718	-0.157535718	Mappable
2014	Netherlands	1	-0.308349605	-0.308349605	-0.157535718	-0.157535718	Mappable
2016	Netherlands	4	-0.186920891	-0.186920891	-0.157535718	-0.157535718	Mappable
2017	Netherlands	2	-0.264246801	-0.264246801	-0.157535718	-0.157535718	Mappable
2018	Netherlands	1	-0.291788957	-0.291788957	-0.157535718	-0.157535718	Mappable
2019	Netherlands	1	-0.291418223	-0.291418223	-0.157535718	-0.157535718	Mappable
2021	Netherlands	1	-0.253722076	-0.253722076	-0.157535718	-0.157535718	Mappable
2022	Netherlands	1	-0.242328949	-0.242328949	-0.157535718	-0.157535718	Mappable
2023	Netherlands	1	-0.231691551	-0.231691551	-0.157535718	-0.157535718	Mappable
2007	New Caledonia	1	-0.364386363	-0.364386363	-0.214437923	-0.214437923	Mappable
2020	New Caledonia	1	-0.234753013	-0.234753013	-0.214437923	-0.214437923	Mappable
1996	New Zealand	1	-0.268006742	-0.268006742	-0.107746288	-0.107746288	Mappable
2001	New Zealand	1	-0.393714506	-0.393714506	-0.107746288	-0.107746288	Mappable
2007	New Zealand	2	-0.242924242	-0.242924242	-0.107746288	-0.107746288	Mappable
2008	New Zealand	4	-0.01485649	-0.01485649	-0.107746288	-0.107746288	Mappable
2009	New Zealand	2	-0.253901502	-0.253901502	-0.107746288	-0.107746288	Mappable
2010	New Zealand	4	-0.120749058	-0.120749058	-0.107746288	-0.107746288	Mappable
2011	New Zealand	2	-0.272101282	-0.272101282	-0.107746288	-0.107746288	Mappable
2012	New Zealand	1	-0.356715459	-0.356715459	-0.107746288	-0.107746288	Mappable
2013	New Zealand	2	-0.29299833	-0.29299833	-0.107746288	-0.107746288	Mappable
2014	New Zealand	1	-0.308349605	-0.308349605	-0.107746288	-0.107746288	Mappable
2015	New Zealand	1	-0.362661335	-0.362661335	-0.107746288	-0.107746288	Mappable
2016	New Zealand	1	-0.32711156	-0.32711156	-0.107746288	-0.107746288	Mappable
2017	New Zealand	2	-0.264246801	-0.264246801	-0.107746288	-0.107746288	Mappable
2018	New Zealand	1	-0.291788957	-0.291788957	-0.107746288	-0.107746288	Mappable
2019	New Zealand	1	-0.291418223	-0.291418223	-0.107746288	-0.107746288	Mappable
2020	New Zealand	1	-0.234753013	-0.234753013	-0.107746288	-0.107746288	Mappable
2021	New Zealand	2	-0.225530734	-0.225530734	-0.107746288	-0.107746288	Mappable
2022	New Zealand	1	-0.242328949	-0.242328949	-0.107746288	-0.107746288	Mappable
2023	New Zealand	1	-0.231691551	-0.231691551	-0.107746288	-0.107746288	Mappable
2024	New Zealand	1	-0.245012933	-0.245012933	-0.107746288	-0.107746288	Mappable
1990	Nicaragua	1	-0.648885685	-0.648885685	-0.207325148	-0.207325148	Mappable
2006	Nicaragua	1	-0.335966162	-0.335966162	-0.207325148	-0.207325148	Mappable
2013	Nicaragua	2	-0.29299833	-0.29299833	-0.207325148	-0.207325148	Mappable
1990	Niger	1	-0.648885685	-0.648885685	-0.217994311	-0.217994311	Mappable
1991	Nigeria	1	-0.5	-0.5	-0.146866554	-0.146866554	Mappable
1997	Nigeria	1	-0.246900669	-0.246900669	-0.146866554	-0.146866554	Mappable
1999	Nigeria	1	-0.384361916	-0.384361916	-0.146866554	-0.146866554	Mappable
2001	Nigeria	1	-0.393714506	-0.393714506	-0.146866554	-0.146866554	Mappable
2002	Nigeria	1	-0.351217423	-0.351217423	-0.146866554	-0.146866554	Mappable
2008	Nigeria	1	-0.371412259	-0.371412259	-0.146866554	-0.146866554	Mappable
2011	Nigeria	1	-0.366745206	-0.366745206	-0.146866554	-0.146866554	Mappable
2013	Nigeria	1	-0.369274755	-0.369274755	-0.146866554	-0.146866554	Mappable
2014	Nigeria	1	-0.308349605	-0.308349605	-0.146866554	-0.146866554	Mappable
2015	Nigeria	1	-0.362661335	-0.362661335	-0.146866554	-0.146866554	Mappable
2016	Nigeria	1	-0.32711156	-0.32711156	-0.146866554	-0.146866554	Mappable
2017	Nigeria	1	-0.307345879	-0.307345879	-0.146866554	-0.146866554	Mappable
2018	Nigeria	5	-0.151194661	-0.151194661	-0.146866554	-0.146866554	Mappable
2020	Nigeria	1	-0.234753013	-0.234753013	-0.146866554	-0.146866554	Mappable
2023	Nigeria	3	-0.199348033	-0.199348033	-0.146866554	-0.146866554	Mappable
2001	Norway	2	-0.158755849	-0.158755849	-0.168204881	-0.168204881	Mappable
2006	Norway	2	-0.210344032	-0.210344032	-0.168204881	-0.168204881	Mappable
2008	Norway	1	-0.371412259	-0.371412259	-0.168204881	-0.168204881	Mappable
2011	Norway	3	-0.177457358	-0.177457358	-0.168204881	-0.168204881	Mappable
2012	Norway	1	-0.356715459	-0.356715459	-0.168204881	-0.168204881	Mappable
2014	Norway	1	-0.308349605	-0.308349605	-0.168204881	-0.168204881	Mappable
2015	Norway	1	-0.362661335	-0.362661335	-0.168204881	-0.168204881	Mappable
2017	Norway	1	-0.307345879	-0.307345879	-0.168204881	-0.168204881	Mappable
2018	Norway	1	-0.291788957	-0.291788957	-0.168204881	-0.168204881	Mappable
2021	Norway	1	-0.253722076	-0.253722076	-0.168204881	-0.168204881	Mappable
2022	Norway	1	-0.242328949	-0.242328949	-0.168204881	-0.168204881	Mappable
2001	Oman	1	-0.393714506	-0.393714506	-0.157535718	-0.157535718	Mappable
2005	Oman	2	-0.148609043	-0.148609043	-0.157535718	-0.157535718	Mappable
2006	Oman	3	-0.084721902	-0.084721902	-0.157535718	-0.157535718	Mappable
2007	Oman	2	-0.242924242	-0.242924242	-0.157535718	-0.157535718	Mappable
2008	Oman	1	-0.371412259	-0.371412259	-0.157535718	-0.157535718	Mappable
2011	Oman	1	-0.366745206	-0.366745206	-0.157535718	-0.157535718	Mappable
2013	Oman	2	-0.29299833	-0.29299833	-0.157535718	-0.157535718	Mappable
2015	Oman	2	-0.303757742	-0.303757742	-0.157535718	-0.157535718	Mappable
2017	Oman	1	-0.307345879	-0.307345879	-0.157535718	-0.157535718	Mappable
2020	Oman	1	-0.234753013	-0.234753013	-0.157535718	-0.157535718	Mappable
2021	Oman	1	-0.253722076	-0.253722076	-0.157535718	-0.157535718	Mappable
2022	Oman	1	-0.242328949	-0.242328949	-0.157535718	-0.157535718	Mappable
1991	Pakistan	1	-0.5	-0.5	0.27634359843520234	0.27634359843520234	Mappable
1993	Pakistan	1	-0.340298877	-0.340298877	0.27634359843520234	0.27634359843520234	Mappable
1996	Pakistan	1	-0.268006742	-0.268006742	0.27634359843520234	0.27634359843520234	Mappable
1997	Pakistan	1	-0.246900669	-0.246900669	0.27634359843520234	0.27634359843520234	Mappable
2001	Pakistan	1	-0.393714506	-0.393714506	0.27634359843520234	0.27634359843520234	Mappable
2006	Pakistan	1	-0.335966162	-0.335966162	0.27634359843520234	0.27634359843520234	Mappable
2009	Pakistan	2	-0.253901502	-0.253901502	0.27634359843520234	0.27634359843520234	Mappable
2010	Pakistan	1	-0.378712956	-0.378712956	0.27634359843520234	0.27634359843520234	Mappable
2011	Pakistan	1	-0.366745206	-0.366745206	0.27634359843520234	0.27634359843520234	Mappable
2013	Pakistan	1	-0.369274755	-0.369274755	0.27634359843520234	0.27634359843520234	Mappable
2014	Pakistan	6	-0.045764783	-0.045764783	0.27634359843520234	0.27634359843520234	Mappable
2015	Pakistan	4	-0.185950557	-0.185950557	0.27634359843520234	0.27634359843520234	Mappable
2016	Pakistan	12	0.18692089116737107	0.18692089116737107	0.27634359843520234	0.27634359843520234	Mappable
2017	Pakistan	32	1.0287255157591912	1.0287255157591912	0.27634359843520234	0.27634359843520234	Mappable
2018	Pakistan	21	0.4111825270767073	0.4111825270767073	0.27634359843520234	0.27634359843520234	Mappable
2019	Pakistan	19	0.21592127434640102	0.21592127434640102	0.27634359843520234	0.27634359843520234	Mappable
2020	Pakistan	12	0.15368364635358223	0.15368364635358223	0.27634359843520234	0.27634359843520234	Mappable
2021	Pakistan	10	0	0	0.27634359843520234	0.27634359843520234	Mappable
2022	Pakistan	6	-0.116798187	-0.116798187	0.27634359843520234	0.27634359843520234	Mappable
2023	Pakistan	4	-0.183176273	-0.183176273	0.27634359843520234	0.27634359843520234	Mappable
2024	Pakistan	3	-0.204018551	-0.204018551	0.27634359843520234	0.27634359843520234	Mappable
2010	Palestine	1	-0.378712956	-0.378712956	-0.214437923	-0.214437923	Mappable
2012	Palestine	1	-0.356715459	-0.356715459	-0.214437923	-0.214437923	Mappable
2000	Panama	1	-0.33292563	-0.33292563	-0.207325148	-0.207325148	Mappable
2001	Panama	1	-0.393714506	-0.393714506	-0.207325148	-0.207325148	Mappable
2006	Panama	1	-0.335966162	-0.335966162	-0.207325148	-0.207325148	Mappable
2009	Panama	1	-0.362716432	-0.362716432	-0.207325148	-0.207325148	Mappable
1994	Papua New Guinea	1	-0.405150882	-0.405150882	-0.214437923	-0.214437923	Mappable
2020	Papua New Guinea	1	-0.234753013	-0.234753013	-0.214437923	-0.214437923	Mappable
2007	Paraguay	1	-0.364386363	-0.364386363	-0.189543208	-0.189543208	Mappable
2011	Paraguay	1	-0.366745206	-0.366745206	-0.189543208	-0.189543208	Mappable
2016	Paraguay	1	-0.32711156	-0.32711156	-0.189543208	-0.189543208	Mappable
2018	Paraguay	1	-0.291788957	-0.291788957	-0.189543208	-0.189543208	Mappable
2019	Paraguay	1	-0.291418223	-0.291418223	-0.189543208	-0.189543208	Mappable
2021	Paraguay	1	-0.253722076	-0.253722076	-0.189543208	-0.189543208	Mappable
2023	Paraguay	3	-0.199348033	-0.199348033	-0.189543208	-0.189543208	Mappable
2000	Peru	1	-0.33292563	-0.33292563	-0.150422942	-0.150422942	Mappable
2003	Peru	1	-0.347578901	-0.347578901	-0.150422942	-0.150422942	Mappable
2006	Peru	3	-0.084721902	-0.084721902	-0.150422942	-0.150422942	Mappable
2008	Peru	2	-0.252560336	-0.252560336	-0.150422942	-0.150422942	Mappable
2009	Peru	2	-0.253901502	-0.253901502	-0.150422942	-0.150422942	Mappable
2017	Peru	2	-0.264246801	-0.264246801	-0.150422942	-0.150422942	Mappable
2018	Peru	1	-0.291788957	-0.291788957	-0.150422942	-0.150422942	Mappable
2020	Peru	1	-0.234753013	-0.234753013	-0.150422942	-0.150422942	Mappable
2021	Peru	1	-0.253722076	-0.253722076	-0.150422942	-0.150422942	Mappable
2022	Peru	1	-0.242328949	-0.242328949	-0.150422942	-0.150422942	Mappable
2023	Peru	3	-0.199348033	-0.199348033	-0.150422942	-0.150422942	Mappable
2024	Peru	2	-0.224515742	-0.224515742	-0.150422942	-0.150422942	Mappable
2011	Philippines	1	-0.366745206	-0.366745206	-0.214437923	-0.214437923	Mappable
2018	Philippines	1	-0.291788957	-0.291788957	-0.214437923	-0.214437923	Mappable
1998	Poland	1	-0.34728663	-0.34728663	-0.015280204	-0.015280204	Mappable
2003	Poland	1	-0.347578901	-0.347578901	-0.015280204	-0.015280204	Mappable
2004	Poland	4	-0.052011031	-0.052011031	-0.015280204	-0.015280204	Mappable
2005	Poland	1	-0.31785823	-0.31785823	-0.015280204	-0.015280204	Mappable
2006	Poland	2	-0.210344032	-0.210344032	-0.015280204	-0.015280204	Mappable
2007	Poland	3	-0.121462121	-0.121462121	-0.015280204	-0.015280204	Mappable
2008	Poland	3	-0.133708413	-0.133708413	-0.015280204	-0.015280204	Mappable
2009	Poland	1	-0.362716432	-0.362716432	-0.015280204	-0.015280204	Mappable
2010	Poland	2	-0.29272499	-0.29272499	-0.015280204	-0.015280204	Mappable
2011	Poland	2	-0.272101282	-0.272101282	-0.015280204	-0.015280204	Mappable
2012	Poland	1	-0.356715459	-0.356715459	-0.015280204	-0.015280204	Mappable
2013	Poland	3	-0.216721906	-0.216721906	-0.015280204	-0.015280204	Mappable
2014	Poland	3	-0.203315677	-0.203315677	-0.015280204	-0.015280204	Mappable
2015	Poland	6	-0.068143372	-0.068143372	-0.015280204	-0.015280204	Mappable
2016	Poland	4	-0.186920891	-0.186920891	-0.015280204	-0.015280204	Mappable
2017	Poland	2	-0.264246801	-0.264246801	-0.015280204	-0.015280204	Mappable
2018	Poland	6	-0.116046086	-0.116046086	-0.015280204	-0.015280204	Mappable
2019	Poland	8	-0.09411953	-0.09411953	-0.015280204	-0.015280204	Mappable
2020	Poland	2	-0.19944059	-0.19944059	-0.015280204	-0.015280204	Mappable
2021	Poland	2	-0.225530734	-0.225530734	-0.015280204	-0.015280204	Mappable
2023	Poland	1	-0.231691551	-0.231691551	-0.015280204	-0.015280204	Mappable
1996	Portugal	1	-0.268006742	-0.268006742	-0.146866554	-0.146866554	Mappable
1997	Portugal	1	-0.246900669	-0.246900669	-0.146866554	-0.146866554	Mappable
2009	Portugal	1	-0.362716432	-0.362716432	-0.146866554	-0.146866554	Mappable
2010	Portugal	2	-0.29272499	-0.29272499	-0.146866554	-0.146866554	Mappable
2013	Portugal	1	-0.369274755	-0.369274755	-0.146866554	-0.146866554	Mappable
2015	Portugal	1	-0.362661335	-0.362661335	-0.146866554	-0.146866554	Mappable
2016	Portugal	1	-0.32711156	-0.32711156	-0.146866554	-0.146866554	Mappable
2018	Portugal	2	-0.256640383	-0.256640383	-0.146866554	-0.146866554	Mappable
2019	Portugal	3	-0.235047168	-0.235047168	-0.146866554	-0.146866554	Mappable
2020	Portugal	3	-0.164128166	-0.164128166	-0.146866554	-0.146866554	Mappable
2022	Portugal	1	-0.242328949	-0.242328949	-0.146866554	-0.146866554	Mappable
2023	Portugal	2	-0.215519792	-0.215519792	-0.146866554	-0.146866554	Mappable
2024	Portugal	2	-0.224515742	-0.224515742	-0.146866554	-0.146866554	Mappable
1993	Puerto Rico	1	-0.340298877	-0.340298877	-0.132641003	-0.132641003	Mappable
1995	Puerto Rico	1	-0.343413076	-0.343413076	-0.132641003	-0.132641003	Mappable
1999	Puerto Rico	2	-0.196103018	-0.196103018	-0.132641003	-0.132641003	Mappable
2001	Puerto Rico	2	-0.158755849	-0.158755849	-0.132641003	-0.132641003	Mappable
2006	Puerto Rico	2	-0.210344032	-0.210344032	-0.132641003	-0.132641003	Mappable
2007	Puerto Rico	1	-0.364386363	-0.364386363	-0.132641003	-0.132641003	Mappable
2011	Puerto Rico	1	-0.366745206	-0.366745206	-0.132641003	-0.132641003	Mappable
2012	Puerto Rico	1	-0.356715459	-0.356715459	-0.132641003	-0.132641003	Mappable
2013	Puerto Rico	3	-0.216721906	-0.216721906	-0.132641003	-0.132641003	Mappable
2014	Puerto Rico	3	-0.203315677	-0.203315677	-0.132641003	-0.132641003	Mappable
2016	Puerto Rico	1	-0.32711156	-0.32711156	-0.132641003	-0.132641003	Mappable
2020	Puerto Rico	2	-0.19944059	-0.19944059	-0.132641003	-0.132641003	Mappable
2021	Puerto Rico	1	-0.253722076	-0.253722076	-0.132641003	-0.132641003	Mappable
2022	Puerto Rico	1	-0.242328949	-0.242328949	-0.132641003	-0.132641003	Mappable
2023	Puerto Rico	3	-0.199348033	-0.199348033	-0.132641003	-0.132641003	Mappable
2014	Qatar	1	-0.308349605	-0.308349605	-0.217994311	-0.217994311	Mappable
2000	Republic of Korea	1	-0.33292563	-0.33292563	1.506853790455625	1.506853790455625	Mappable
2001	Republic of Korea	2	-0.158755849	-0.158755849	1.506853790455625	1.506853790455625	Mappable
2003	Republic of Korea	1	-0.347578901	-0.347578901	1.506853790455625	1.506853790455625	Mappable
2005	Republic of Korea	1	-0.31785823	-0.31785823	1.506853790455625	1.506853790455625	Mappable
2007	Republic of Korea	1	-0.364386363	-0.364386363	1.506853790455625	1.506853790455625	Mappable
2008	Republic of Korea	5	0.10399543242944996	0.10399543242944996	1.506853790455625	1.506853790455625	Mappable
2009	Republic of Korea	3	-0.145086573	-0.145086573	1.506853790455625	1.506853790455625	Mappable
2010	Republic of Korea	3	-0.206737024	-0.206737024	1.506853790455625	1.506853790455625	Mappable
2011	Republic of Korea	9	0.39040618680605393	0.39040618680605393	1.506853790455625	1.506853790455625	Mappable
2012	Republic of Korea	21	1.0427067263507834	1.0427067263507834	1.506853790455625	1.506853790455625	Mappable
2013	Republic of Korea	35	2.224123689731585	2.224123689731585	1.506853790455625	1.506853790455625	Mappable
2014	Republic of Korea	38	1.6347780786304291	1.6347780786304291	1.506853790455625	1.506853790455625	Mappable
2015	Republic of Korea	34	1.581157222	1.581157222	1.506853790455625	1.506853790455625	Mappable
2016	Republic of Korea	47	1.8224786888818678	1.8224786888818678	1.506853790455625	1.506853790455625	Mappable
2017	Republic of Korea	46	1.6321125971179475	1.6321125971179475	1.506853790455625	1.506853790455625	Mappable
2018	Republic of Korea	44	1.2195997343143585	1.2195997343143585	1.506853790455625	1.506853790455625	Mappable
2019	Republic of Korea	42	0.8641884103794184	0.8641884103794184	1.506853790455625	1.506853790455625	Mappable
2020	Republic of Korea	27	0.68337	0.68337	1.506853790455625	1.506853790455625	Mappable
2021	Republic of Korea	33	0.6484008597558186	0.6484008597558186	1.506853790455625	1.506853790455625	Mappable
2022	Republic of Korea	21	0.2597940983798117	0.2597940983798117	1.506853790455625	1.506853790455625	Mappable
2023	Republic of Korea	43	0.4475223382821948	0.4475223382821948	1.506853790455625	1.506853790455625	Mappable
2024	Republic of Korea	29	0.3289084117948856	0.3289084117948856	1.506853790455625	1.506853790455625	Mappable
2021	Reunion island	1	-0.253722076	-0.253722076	-0.217994311	-0.217994311	Unmappable
2021	Romania	1	-0.253722076	-0.253722076	-0.217994311	-0.217994311	Mappable
1993	Russian Federation	1	-0.340298877	-0.340298877	-0.125528227	-0.125528227	Mappable
2002	Russian Federation	1	-0.351217423	-0.351217423	-0.125528227	-0.125528227	Mappable
2008	Russian Federation	3	-0.133708413	-0.133708413	-0.125528227	-0.125528227	Mappable
2009	Russian Federation	2	-0.253901502	-0.253901502	-0.125528227	-0.125528227	Mappable
2010	Russian Federation	1	-0.378712956	-0.378712956	-0.125528227	-0.125528227	Mappable
2016	Russian Federation	4	-0.186920891	-0.186920891	-0.125528227	-0.125528227	Mappable
2017	Russian Federation	1	-0.307345879	-0.307345879	-0.125528227	-0.125528227	Mappable
2018	Russian Federation	2	-0.256640383	-0.256640383	-0.125528227	-0.125528227	Mappable
2019	Russian Federation	5	-0.178676113	-0.178676113	-0.125528227	-0.125528227	Mappable
2020	Russian Federation	2	-0.19944059	-0.19944059	-0.125528227	-0.125528227	Mappable
2021	Russian Federation	2	-0.225530734	-0.225530734	-0.125528227	-0.125528227	Mappable
2023	Russian Federation	3	-0.199348033	-0.199348033	-0.125528227	-0.125528227	Mappable
2020	Rwanda	1	-0.234753013	-0.234753013	-0.217994311	-0.217994311	Mappable
1997	Saudi Arabia	1	-0.246900669	-0.246900669	-0.143310166	-0.143310166	Mappable
2007	Saudi Arabia	1	-0.364386363	-0.364386363	-0.143310166	-0.143310166	Mappable
2009	Saudi Arabia	1	-0.362716432	-0.362716432	-0.143310166	-0.143310166	Mappable
2010	Saudi Arabia	1	-0.378712956	-0.378712956	-0.143310166	-0.143310166	Mappable
2012	Saudi Arabia	1	-0.356715459	-0.356715459	-0.143310166	-0.143310166	Mappable
2014	Saudi Arabia	3	-0.203315677	-0.203315677	-0.143310166	-0.143310166	Mappable
2015	Saudi Arabia	2	-0.303757742	-0.303757742	-0.143310166	-0.143310166	Mappable
2016	Saudi Arabia	2	-0.280381337	-0.280381337	-0.143310166	-0.143310166	Mappable
2017	Saudi Arabia	1	-0.307345879	-0.307345879	-0.143310166	-0.143310166	Mappable
2021	Saudi Arabia	3	-0.197339392	-0.197339392	-0.143310166	-0.143310166	Mappable
2022	Saudi Arabia	1	-0.242328949	-0.242328949	-0.143310166	-0.143310166	Mappable
2023	Saudi Arabia	3	-0.199348033	-0.199348033	-0.143310166	-0.143310166	Mappable
2024	Saudi Arabia	2	-0.224515742	-0.224515742	-0.143310166	-0.143310166	Mappable
2007	Senegal	1	-0.364386363	-0.364386363	-0.210881535	-0.210881535	Mappable
2011	Senegal	1	-0.366745206	-0.366745206	-0.210881535	-0.210881535	Mappable
2012	Senegal	1	-0.356715459	-0.356715459	-0.210881535	-0.210881535	Mappable
2002	Serbia	1	-0.351217423	-0.351217423	0.14831363625966704	0.14831363625966704	Mappable
2003	Serbia	1	-0.347578901	-0.347578901	0.14831363625966704	0.14831363625966704	Mappable
2005	Serbia	1	-0.31785823	-0.31785823	0.14831363625966704	0.14831363625966704	Mappable
2006	Serbia	1	-0.335966162	-0.335966162	0.14831363625966704	0.14831363625966704	Mappable
2008	Serbia	1	-0.371412259	-0.371412259	0.14831363625966704	0.14831363625966704	Mappable
2010	Serbia	1	-0.378712956	-0.378712956	0.14831363625966704	0.14831363625966704	Mappable
2011	Serbia	3	-0.177457358	-0.177457358	0.14831363625966704	0.14831363625966704	Mappable
2012	Serbia	8	0.1330823058631921	0.1330823058631921	0.14831363625966704	0.14831363625966704	Mappable
2013	Serbia	11	0.3934894932840311	0.3934894932840311	0.14831363625966704	0.14831363625966704	Mappable
2014	Serbia	14	0.37437093218750994	0.37437093218750994	0.14831363625966704	0.14831363625966704	Mappable
2015	Serbia	20	0.7565069250663234	0.7565069250663234	0.14831363625966704	0.14831363625966704	Mappable
2016	Serbia	6	-0.093460446	-0.093460446	0.14831363625966704	0.14831363625966704	Mappable
2017	Serbia	8	-0.005652338	-0.005652338	0.14831363625966704	0.14831363625966704	Mappable
2018	Serbia	1	-0.291788957	-0.291788957	0.14831363625966704	0.14831363625966704	Mappable
2019	Serbia	2	-0.263232696	-0.263232696	0.14831363625966704	0.14831363625966704	Mappable
2020	Serbia	6	-0.058190895	-0.058190895	0.14831363625966704	0.14831363625966704	Mappable
2021	Serbia	3	-0.197339392	-0.197339392	0.14831363625966704	0.14831363625966704	Mappable
2022	Serbia	8	-0.066585882	-0.066585882	0.14831363625966704	0.14831363625966704	Mappable
2023	Serbia	4	-0.183176273	-0.183176273	0.14831363625966704	0.14831363625966704	Mappable
2024	Serbia	4	-0.18352136	-0.18352136	0.14831363625966704	0.14831363625966704	Mappable
2008	Slovakia	1	-0.371412259	-0.371412259	-0.210881535	-0.210881535	Mappable
2019	Slovakia	1	-0.291418223	-0.291418223	-0.210881535	-0.210881535	Mappable
2020	Slovakia	1	-0.234753013	-0.234753013	-0.210881535	-0.210881535	Mappable
2001	Slovenia	1	-0.393714506	-0.393714506	-0.111302676	-0.111302676	Mappable
2003	Slovenia	2	-0.185375414	-0.185375414	-0.111302676	-0.111302676	Mappable
2004	Slovenia	1	-0.461597904	-0.461597904	-0.111302676	-0.111302676	Mappable
2005	Slovenia	1	-0.31785823	-0.31785823	-0.111302676	-0.111302676	Mappable
2007	Slovenia	1	-0.364386363	-0.364386363	-0.111302676	-0.111302676	Mappable
2010	Slovenia	2	-0.29272499	-0.29272499	-0.111302676	-0.111302676	Mappable
2011	Slovenia	1	-0.366745206	-0.366745206	-0.111302676	-0.111302676	Mappable
2012	Slovenia	4	-0.146802131	-0.146802131	-0.111302676	-0.111302676	Mappable
2014	Slovenia	4	-0.150798712	-0.150798712	-0.111302676	-0.111302676	Mappable
2015	Slovenia	2	-0.303757742	-0.303757742	-0.111302676	-0.111302676	Mappable
2017	Slovenia	2	-0.264246801	-0.264246801	-0.111302676	-0.111302676	Mappable
2018	Slovenia	2	-0.256640383	-0.256640383	-0.111302676	-0.111302676	Mappable
2019	Slovenia	2	-0.263232696	-0.263232696	-0.111302676	-0.111302676	Mappable
2020	Slovenia	1	-0.234753013	-0.234753013	-0.111302676	-0.111302676	Mappable
2022	Slovenia	3	-0.192116644	-0.192116644	-0.111302676	-0.111302676	Mappable
2024	Slovenia	2	-0.224515742	-0.224515742	-0.111302676	-0.111302676	Mappable
2008	Somalia	1	-0.371412259	-0.371412259	-0.217994311	-0.217994311	Mappable
1984	South Africa	1	-0.707106781	-0.707106781	0.1376444727450391	0.1376444727450391	Mappable
1985	South Africa	3	0.2738612787525831	0.2738612787525831	0.1376444727450391	0.1376444727450391	Mappable
1988	South Africa	1	-0.45596467	-0.45596467	0.1376444727450391	0.1376444727450391	Mappable
1990	South Africa	1	-0.648885685	-0.648885685	0.1376444727450391	0.1376444727450391	Mappable
1992	South Africa	2	-0.266652446	-0.266652446	0.1376444727450391	0.1376444727450391	Mappable
1994	South Africa	2	-0.287526432	-0.287526432	0.1376444727450391	0.1376444727450391	Mappable
1995	South Africa	1	-0.343413076	-0.343413076	0.1376444727450391	0.1376444727450391	Mappable
1996	South Africa	1	-0.268006742	-0.268006742	0.1376444727450391	0.1376444727450391	Mappable
1997	South Africa	2	-0.054009521	-0.054009521	0.1376444727450391	0.1376444727450391	Mappable
1998	South Africa	4	0.20258386744297846	0.20258386744297846	0.1376444727450391	0.1376444727450391	Mappable
1999	South Africa	2	-0.196103018	-0.196103018	0.1376444727450391	0.1376444727450391	Mappable
2000	South Africa	4	0.11935069757632027	0.11935069757632027	0.1376444727450391	0.1376444727450391	Mappable
2001	South Africa	4	0.31116146409099216	0.31116146409099216	0.1376444727450391	0.1376444727450391	Mappable
2002	South Africa	2	-0.190242771	-0.190242771	0.1376444727450391	0.1376444727450391	Mappable
2003	South Africa	2	-0.185375414	-0.185375414	0.1376444727450391	0.1376444727450391	Mappable
2004	South Africa	2	-0.325068946	-0.325068946	0.1376444727450391	0.1376444727450391	Mappable
2005	South Africa	2	-0.148609043	-0.148609043	0.1376444727450391	0.1376444727450391	Mappable
2006	South Africa	4	0.040900228	0.040900228	0.1376444727450391	0.1376444727450391	Mappable
2007	South Africa	4	0	0	0.1376444727450391	0.1376444727450391	Mappable
2008	South Africa	3	-0.133708413	-0.133708413	0.1376444727450391	0.1376444727450391	Mappable
2009	South Africa	1	-0.362716432	-0.362716432	0.1376444727450391	0.1376444727450391	Mappable
2010	South Africa	5	-0.034761093	-0.034761093	0.1376444727450391	0.1376444727450391	Mappable
2011	South Africa	3	-0.177457358	-0.177457358	0.1376444727450391	0.1376444727450391	Mappable
2013	South Africa	2	-0.29299833	-0.29299833	0.1376444727450391	0.1376444727450391	Mappable
2014	South Africa	5	-0.098281748	-0.098281748	0.1376444727450391	0.1376444727450391	Mappable
2015	South Africa	4	-0.185950557	-0.185950557	0.1376444727450391	0.1376444727450391	Mappable
2016	South Africa	6	-0.093460446	-0.093460446	0.1376444727450391	0.1376444727450391	Mappable
2017	South Africa	5	-0.13494957	-0.13494957	0.1376444727450391	0.1376444727450391	Mappable
2018	South Africa	6	-0.116046086	-0.116046086	0.1376444727450391	0.1376444727450391	Mappable
2019	South Africa	5	-0.178676113	-0.178676113	0.1376444727450391	0.1376444727450391	Mappable
2020	South Africa	1	-0.234753013	-0.234753013	0.1376444727450391	0.1376444727450391	Mappable
2021	South Africa	1	-0.253722076	-0.253722076	0.1376444727450391	0.1376444727450391	Mappable
2022	South Africa	2	-0.217222797	-0.217222797	0.1376444727450391	0.1376444727450391	Mappable
2023	South Africa	6	-0.150832755	-0.150832755	0.1376444727450391	0.1376444727450391	Mappable
2024	South Africa	2	-0.224515742	-0.224515742	0.1376444727450391	0.1376444727450391	Mappable
1987	Spain	1	-0.447213595	-0.447213595	0.589305728	0.589305728	Mappable
1992	Spain	1	-0.58663538	-0.58663538	0.589305728	0.589305728	Mappable
1993	Spain	4	0.26295822321494033	0.26295822321494033	0.589305728	0.589305728	Mappable
1994	Spain	3	-0.169901983	-0.169901983	0.589305728	0.589305728	Mappable
1995	Spain	4	0.15262803369863276	0.15262803369863276	0.589305728	0.589305728	Mappable
1996	Spain	1	-0.268006742	-0.268006742	0.589305728	0.589305728	Mappable
1997	Spain	3	0.1388816264448211	0.1388816264448211	0.589305728	0.589305728	Mappable
1998	Spain	1	-0.34728663	-0.34728663	0.589305728	0.589305728	Mappable
1999	Spain	2	-0.196103018	-0.196103018	0.589305728	0.589305728	Mappable
2000	Spain	3	-0.031408078	-0.031408078	0.589305728	0.589305728	Mappable
2001	Spain	7	1.0160374337665052	1.0160374337665052	0.589305728	0.589305728	Mappable
2002	Spain	12	1.4195037507464094	1.4195037507464094	0.589305728	0.589305728	Mappable
2003	Spain	6	0.463438535	0.463438535	0.589305728	0.589305728	Mappable
2004	Spain	3	-0.188539989	-0.188539989	0.589305728	0.589305728	Mappable
2005	Spain	7	0.6976368952002057	0.6976368952002057	0.589305728	0.589305728	Mappable
2006	Spain	5	0.16652235861859305	0.16652235861859305	0.589305728	0.589305728	Mappable
2007	Spain	10	0.7287727256806191	0.7287727256806191	0.589305728	0.589305728	Mappable
2008	Spain	16	1.4113665829711066	1.4113665829711066	0.589305728	0.589305728	Mappable
2009	Spain	10	0.6166179346332107	0.6166179346332107	0.589305728	0.589305728	Mappable
2010	Spain	10	0.3951787367539522	0.3951787367539522	0.589305728	0.589305728	Mappable
2011	Spain	11	0.5796940349544437	0.5796940349544437	0.589305728	0.589305728	Mappable
2012	Spain	7	0.063111197	0.063111197	0.589305728	0.589305728	Mappable
2013	Spain	10	0.31721306843204966	0.31721306843204966	0.589305728	0.589305728	Mappable
2014	Spain	10	0.1643030744470234	0.1643030744470234	0.589305728	0.589305728	Mappable
2015	Spain	4	-0.185950557	-0.185950557	0.589305728	0.589305728	Mappable
2016	Spain	11	0.1401906683755283	0.1401906683755283	0.589305728	0.589305728	Mappable
2017	Spain	8	-0.005652338	-0.005652338	0.589305728	0.589305728	Mappable
2018	Spain	12	0.094845359	0.094845359	0.589305728	0.589305728	Mappable
2019	Spain	16	0.13136469138557266	0.13136469138557266	0.589305728	0.589305728	Mappable
2020	Spain	7	-0.022878472	-0.022878472	0.589305728	0.589305728	Mappable
2021	Spain	8	-0.056382683	-0.056382683	0.589305728	0.589305728	Mappable
2022	Spain	5	-0.141904339	-0.141904339	0.589305728	0.589305728	Mappable
2023	Spain	6	-0.150832755	-0.150832755	0.589305728	0.589305728	Mappable
2024	Spain	4	-0.18352136	-0.18352136	0.589305728	0.589305728	Mappable
1988	Sri Lanka	1	-0.45596467	-0.45596467	-0.193099596	-0.193099596	Mappable
1997	Sri Lanka	1	-0.246900669	-0.246900669	-0.193099596	-0.193099596	Mappable
1999	Sri Lanka	1	-0.384361916	-0.384361916	-0.193099596	-0.193099596	Mappable
2005	Sri Lanka	1	-0.31785823	-0.31785823	-0.193099596	-0.193099596	Mappable
2011	Sri Lanka	1	-0.366745206	-0.366745206	-0.193099596	-0.193099596	Mappable
2013	Sri Lanka	1	-0.369274755	-0.369274755	-0.193099596	-0.193099596	Mappable
2017	Sri Lanka	2	-0.264246801	-0.264246801	-0.193099596	-0.193099596	Mappable
1982	Sudan	1	NA	NA	-0.178874045	-0.178874045	Mappable
1995	Sudan	1	-0.343413076	-0.343413076	-0.178874045	-0.178874045	Mappable
2011	Sudan	2	-0.272101282	-0.272101282	-0.178874045	-0.178874045	Mappable
2012	Sudan	1	-0.356715459	-0.356715459	-0.178874045	-0.178874045	Mappable
2013	Sudan	1	-0.369274755	-0.369274755	-0.178874045	-0.178874045	Mappable
2014	Sudan	1	-0.308349605	-0.308349605	-0.178874045	-0.178874045	Mappable
2017	Sudan	3	-0.221147724	-0.221147724	-0.178874045	-0.178874045	Mappable
2018	Sudan	2	-0.256640383	-0.256640383	-0.178874045	-0.178874045	Mappable
2003	Sweden	1	-0.347578901	-0.347578901	-0.196655984	-0.196655984	Mappable
2005	Sweden	1	-0.31785823	-0.31785823	-0.196655984	-0.196655984	Mappable
2006	Sweden	1	-0.335966162	-0.335966162	-0.196655984	-0.196655984	Mappable
2012	Sweden	1	-0.356715459	-0.356715459	-0.196655984	-0.196655984	Mappable
2016	Sweden	2	-0.280381337	-0.280381337	-0.196655984	-0.196655984	Mappable
2023	Sweden	1	-0.231691551	-0.231691551	-0.196655984	-0.196655984	Mappable
2000	Switzerland	1	-0.33292563	-0.33292563	-0.171761269	-0.171761269	Mappable
2002	Switzerland	1	-0.351217423	-0.351217423	-0.171761269	-0.171761269	Mappable
2005	Switzerland	1	-0.31785823	-0.31785823	-0.171761269	-0.171761269	Mappable
2006	Switzerland	1	-0.335966162	-0.335966162	-0.171761269	-0.171761269	Mappable
2008	Switzerland	1	-0.371412259	-0.371412259	-0.171761269	-0.171761269	Mappable
2010	Switzerland	1	-0.378712956	-0.378712956	-0.171761269	-0.171761269	Mappable
2012	Switzerland	1	-0.356715459	-0.356715459	-0.171761269	-0.171761269	Mappable
2014	Switzerland	1	-0.308349605	-0.308349605	-0.171761269	-0.171761269	Mappable
2015	Switzerland	2	-0.303757742	-0.303757742	-0.171761269	-0.171761269	Mappable
2016	Switzerland	1	-0.32711156	-0.32711156	-0.171761269	-0.171761269	Mappable
2017	Switzerland	1	-0.307345879	-0.307345879	-0.171761269	-0.171761269	Mappable
2018	Switzerland	1	-0.291788957	-0.291788957	-0.171761269	-0.171761269	Mappable
2019	Switzerland	1	-0.291418223	-0.291418223	-0.171761269	-0.171761269	Mappable
1999	Syria	1	-0.384361916	-0.384361916	-0.189543208	-0.189543208	Mappable
2004	Syria	1	-0.461597904	-0.461597904	-0.189543208	-0.189543208	Mappable
2008	Syria	2	-0.252560336	-0.252560336	-0.189543208	-0.189543208	Mappable
2009	Syria	1	-0.362716432	-0.362716432	-0.189543208	-0.189543208	Mappable
2011	Syria	1	-0.366745206	-0.366745206	-0.189543208	-0.189543208	Mappable
2013	Syria	1	-0.369274755	-0.369274755	-0.189543208	-0.189543208	Mappable
2019	Syria	1	-0.291418223	-0.291418223	-0.189543208	-0.189543208	Mappable
2022	Syria	1	-0.242328949	-0.242328949	-0.189543208	-0.189543208	Mappable
1997	Taiwan	1	-0.246900669	-0.246900669	0.3723660700668538	0.3723660700668538	Mappable
2001	Taiwan	2	-0.158755849	-0.158755849	0.3723660700668538	0.3723660700668538	Mappable
2002	Taiwan	3	-0.029268119	-0.029268119	0.3723660700668538	0.3723660700668538	Mappable
2003	Taiwan	4	0.13903156045231832	0.13903156045231832	0.3723660700668538	0.3723660700668538	Mappable
2004	Taiwan	2	-0.325068946	-0.325068946	0.3723660700668538	0.3723660700668538	Mappable
2005	Taiwan	2	-0.148609043	-0.148609043	0.3723660700668538	0.3723660700668538	Mappable
2006	Taiwan	4	0.040900228	0.040900228	0.3723660700668538	0.3723660700668538	Mappable
2007	Taiwan	6	0.2429242418935397	0.2429242418935397	0.3723660700668538	0.3723660700668538	Mappable
2008	Taiwan	7	0.34169927798247846	0.34169927798247846	0.3723660700668538	0.3723660700668538	Mappable
2009	Taiwan	6	0.1813582160685914	0.1813582160685914	0.3723660700668538	0.3723660700668538	Mappable
2010	Taiwan	13	0.6531426343572265	0.6531426343572265	0.3723660700668538	0.3723660700668538	Mappable
2011	Taiwan	9	0.39040618680605393	0.39040618680605393	0.3723660700668538	0.3723660700668538	Mappable
2012	Taiwan	10	0.2730245243997446	0.2730245243997446	0.3723660700668538	0.3723660700668538	Mappable
2013	Taiwan	8	0.16466021872808687	0.16466021872808687	0.3723660700668538	0.3723660700668538	Mappable
2014	Taiwan	4	-0.150798712	-0.150798712	0.3723660700668538	0.3723660700668538	Mappable
2015	Taiwan	4	-0.185950557	-0.185950557	0.3723660700668538	0.3723660700668538	Mappable
2016	Taiwan	3	-0.233651114	-0.233651114	0.3723660700668538	0.3723660700668538	Mappable
2017	Taiwan	3	-0.221147724	-0.221147724	0.3723660700668538	0.3723660700668538	Mappable
2018	Taiwan	5	-0.151194661	-0.151194661	0.3723660700668538	0.3723660700668538	Mappable
2019	Taiwan	10	-0.037748475	-0.037748475	0.3723660700668538	0.3723660700668538	Mappable
2020	Taiwan	10	0.083058799	0.083058799	0.3723660700668538	0.3723660700668538	Mappable
2021	Taiwan	13	0.084574025	0.084574025	0.3723660700668538	0.3723660700668538	Mappable
2022	Taiwan	11	0.008732575	0.008732575	0.3723660700668538	0.3723660700668538	Mappable
2023	Taiwan	20	0.075571875	0.075571875	0.3723660700668538	0.3723660700668538	Mappable
2024	Taiwan	7	-0.122029788	-0.122029788	0.3723660700668538	0.3723660700668538	Mappable
2012	Tajikistan	1	-0.356715459	-0.356715459	-0.217994311	-0.217994311	Mappable
1987	Tanzania	1	-0.447213595	-0.447213595	-0.182430433	-0.182430433	Mappable
2002	Tanzania	1	-0.351217423	-0.351217423	-0.182430433	-0.182430433	Mappable
2007	Tanzania	1	-0.364386363	-0.364386363	-0.182430433	-0.182430433	Mappable
2011	Tanzania	2	-0.272101282	-0.272101282	-0.182430433	-0.182430433	Mappable
2013	Tanzania	1	-0.369274755	-0.369274755	-0.182430433	-0.182430433	Mappable
2014	Tanzania	1	-0.308349605	-0.308349605	-0.182430433	-0.182430433	Mappable
2015	Tanzania	3	-0.24485415	-0.24485415	-0.182430433	-0.182430433	Mappable
2022	Tanzania	1	-0.242328949	-0.242328949	-0.182430433	-0.182430433	Mappable
1993	Thailand	1	-0.340298877	-0.340298877	-0.150422942	-0.150422942	Mappable
1996	Thailand	1	-0.268006742	-0.268006742	-0.150422942	-0.150422942	Mappable
2001	Thailand	1	-0.393714506	-0.393714506	-0.150422942	-0.150422942	Mappable
2007	Thailand	1	-0.364386363	-0.364386363	-0.150422942	-0.150422942	Mappable
2013	Thailand	1	-0.369274755	-0.369274755	-0.150422942	-0.150422942	Mappable
2017	Thailand	3	-0.221147724	-0.221147724	-0.150422942	-0.150422942	Mappable
2018	Thailand	2	-0.256640383	-0.256640383	-0.150422942	-0.150422942	Mappable
2020	Thailand	3	-0.164128166	-0.164128166	-0.150422942	-0.150422942	Mappable
2022	Thailand	2	-0.217222797	-0.217222797	-0.150422942	-0.150422942	Mappable
2023	Thailand	2	-0.215519792	-0.215519792	-0.150422942	-0.150422942	Mappable
2024	Thailand	3	-0.204018551	-0.204018551	-0.150422942	-0.150422942	Mappable
2015	Togo	1	-0.362661335	-0.362661335	-0.20376876	-0.20376876	Mappable
2017	Togo	2	-0.264246801	-0.264246801	-0.20376876	-0.20376876	Mappable
2021	Togo	2	-0.225530734	-0.225530734	-0.20376876	-0.20376876	Mappable
1993	Trinidad and Tobago	1	-0.340298877	-0.340298877	-0.182430433	-0.182430433	Mappable
2008	Trinidad and Tobago	1	-0.371412259	-0.371412259	-0.182430433	-0.182430433	Mappable
2009	Trinidad and Tobago	1	-0.362716432	-0.362716432	-0.182430433	-0.182430433	Mappable
2010	Trinidad and Tobago	2	-0.29272499	-0.29272499	-0.182430433	-0.182430433	Mappable
2011	Trinidad and Tobago	1	-0.366745206	-0.366745206	-0.182430433	-0.182430433	Mappable
2016	Trinidad and Tobago	2	-0.280381337	-0.280381337	-0.182430433	-0.182430433	Mappable
2017	Trinidad and Tobago	1	-0.307345879	-0.307345879	-0.182430433	-0.182430433	Mappable
2018	Trinidad and Tobago	1	-0.291788957	-0.291788957	-0.182430433	-0.182430433	Mappable
2024	Trinidad and Tobago	1	-0.245012933	-0.245012933	-0.182430433	-0.182430433	Mappable
1994	Tunisia	1	-0.405150882	-0.405150882	-0.111302676	-0.111302676	Mappable
2004	Tunisia	1	-0.461597904	-0.461597904	-0.111302676	-0.111302676	Mappable
2005	Tunisia	3	0.020640145	0.020640145	-0.111302676	-0.111302676	Mappable
2006	Tunisia	1	-0.335966162	-0.335966162	-0.111302676	-0.111302676	Mappable
2007	Tunisia	2	-0.242924242	-0.242924242	-0.111302676	-0.111302676	Mappable
2008	Tunisia	1	-0.371412259	-0.371412259	-0.111302676	-0.111302676	Mappable
2009	Tunisia	2	-0.253901502	-0.253901502	-0.111302676	-0.111302676	Mappable
2010	Tunisia	2	-0.29272499	-0.29272499	-0.111302676	-0.111302676	Mappable
2011	Tunisia	2	-0.272101282	-0.272101282	-0.111302676	-0.111302676	Mappable
2012	Tunisia	1	-0.356715459	-0.356715459	-0.111302676	-0.111302676	Mappable
2013	Tunisia	1	-0.369274755	-0.369274755	-0.111302676	-0.111302676	Mappable
2014	Tunisia	4	-0.150798712	-0.150798712	-0.111302676	-0.111302676	Mappable
2017	Tunisia	2	-0.264246801	-0.264246801	-0.111302676	-0.111302676	Mappable
2018	Tunisia	1	-0.291788957	-0.291788957	-0.111302676	-0.111302676	Mappable
2019	Tunisia	2	-0.263232696	-0.263232696	-0.111302676	-0.111302676	Mappable
2020	Tunisia	2	-0.19944059	-0.19944059	-0.111302676	-0.111302676	Mappable
2021	Tunisia	1	-0.253722076	-0.253722076	-0.111302676	-0.111302676	Mappable
2022	Tunisia	2	-0.217222797	-0.217222797	-0.111302676	-0.111302676	Mappable
1997	Turkey	1	-0.246900669	-0.246900669	0.14475724842145773	0.14475724842145773	Mappable
1999	Turkey	2	-0.196103018	-0.196103018	0.14475724842145773	0.14475724842145773	Mappable
2000	Turkey	2	-0.182166854	-0.182166854	0.14475724842145773	0.14475724842145773	Mappable
2001	Turkey	1	-0.393714506	-0.393714506	0.14475724842145773	0.14475724842145773	Mappable
2002	Turkey	1	-0.351217423	-0.351217423	0.14475724842145773	0.14475724842145773	Mappable
2003	Turkey	3	-0.023171927	-0.023171927	0.14475724842145773	0.14475724842145773	Mappable
2005	Turkey	3	0.020640145	0.020640145	0.14475724842145773	0.14475724842145773	Mappable
2006	Turkey	1	-0.335966162	-0.335966162	0.14475724842145773	0.14475724842145773	Mappable
2007	Turkey	1	-0.364386363	-0.364386363	0.14475724842145773	0.14475724842145773	Mappable
2008	Turkey	3	-0.133708413	-0.133708413	0.14475724842145773	0.14475724842145773	Mappable
2009	Turkey	5	0.072543286	0.072543286	0.14475724842145773	0.14475724842145773	Mappable
2010	Turkey	6	0.051226873	0.051226873	0.14475724842145773	0.14475724842145773	Mappable
2011	Turkey	6	0.10647441458346926	0.10647441458346926	0.14475724842145773	0.14475724842145773	Mappable
2012	Turkey	9	0.20305341513146838	0.20305341513146838	0.14475724842145773	0.14475724842145773	Mappable
2013	Turkey	5	-0.064169056	-0.064169056	0.14475724842145773	0.14475724842145773	Mappable
2014	Turkey	8	0.059269145576780154	0.059269145576780154	0.14475724842145773	0.14475724842145773	Mappable
2015	Turkey	6	-0.068143372	-0.068143372	0.14475724842145773	0.14475724842145773	Mappable
2016	Turkey	13	0.2336511139592138	0.2336511139592138	0.14475724842145773	0.14475724842145773	Mappable
2017	Turkey	3	-0.221147724	-0.221147724	0.14475724842145773	0.14475724842145773	Mappable
2018	Turkey	3	-0.221491809	-0.221491809	0.14475724842145773	0.14475724842145773	Mappable
2019	Turkey	14	0.074993636	0.074993636	0.14475724842145773	0.14475724842145773	Mappable
2020	Turkey	4	-0.128815742	-0.128815742	0.14475724842145773	0.14475724842145773	Mappable
2023	Turkey	2	-0.215519792	-0.215519792	0.14475724842145773	0.14475724842145773	Mappable
2024	Turkey	1	-0.245012933	-0.245012933	0.14475724842145773	0.14475724842145773	Mappable
2001	Uganda	1	-0.393714506	-0.393714506	-0.20376876	-0.20376876	Mappable
2006	Uganda	1	-0.335966162	-0.335966162	-0.20376876	-0.20376876	Mappable
2014	Uganda	1	-0.308349605	-0.308349605	-0.20376876	-0.20376876	Mappable
2018	Uganda	1	-0.291788957	-0.291788957	-0.20376876	-0.20376876	Mappable
2021	Uganda	1	-0.253722076	-0.253722076	-0.20376876	-0.20376876	Mappable
2019	Ukraine	1	-0.291418223	-0.291418223	-0.217994311	-0.217994311	Mappable
1995	United Kingdom	1	-0.343413076	-0.343413076	-0.185986821	-0.185986821	Mappable
1998	United Kingdom	1	-0.34728663	-0.34728663	-0.185986821	-0.185986821	Mappable
1999	United Kingdom	1	-0.384361916	-0.384361916	-0.185986821	-0.185986821	Mappable
2000	United Kingdom	1	-0.33292563	-0.33292563	-0.185986821	-0.185986821	Mappable
2011	United Kingdom	1	-0.366745206	-0.366745206	-0.185986821	-0.185986821	Mappable
2014	United Kingdom	1	-0.308349605	-0.308349605	-0.185986821	-0.185986821	Mappable
2015	United Kingdom	1	-0.362661335	-0.362661335	-0.185986821	-0.185986821	Mappable
2017	United Kingdom	1	-0.307345879	-0.307345879	-0.185986821	-0.185986821	Mappable
2019	United Kingdom	2	-0.263232696	-0.263232696	-0.185986821	-0.185986821	Mappable
1980	United States	1	NA	NA	6.297308208523571	3	Mappable
1982	United States	1	NA	NA	6.297308208523571	3	Mappable
1983	United States	1	NA	NA	6.297308208523571	3	Mappable
1984	United States	6	0.7071067811865475	0.7071067811865475	6.297308208523571	3	Mappable
1985	United States	6	1.6431676725154984	1.6431676725154984	6.297308208523571	3	Mappable
1986	United States	12	NA	NA	6.297308208523571	3	Mappable
1987	United States	12	1.788854381999832	1.788854381999832	6.297308208523571	3	Mappable
1988	United States	11	2.0311153471097114	2.0311153471097114	6.297308208523571	3	Mappable
1989	United States	8	1.5	1.5	6.297308208523571	3	Mappable
1990	United States	8	1.6222142113076254	1.6222142113076254	6.297308208523571	3	Mappable
1991	United States	10	1.5	1.5	6.297308208523571	3	Mappable
1992	United States	9	1.9732280973076959	1.9732280973076959	6.297308208523571	3	Mappable
1993	United States	19	3.279243725	3	6.297308208523571	3	Mappable
1994	United States	27	2.6530848077949685	2.6530848077949685	6.297308208523571	3	Mappable
1995	United States	23	3.2942217273288246	3	6.297308208523571	3	Mappable
1996	United States	23	4.317886397975163	3	6.297308208523571	3	Mappable
1997	United States	27	4.768269174605523	3	6.297308208523571	3	Mappable
1998	United States	25	4.051677348859569	3	6.297308208523571	3	Mappable
1999	United States	27	4.510369421316498	3	6.297308208523571	3	Mappable
2000	United States	33	4.491355198	3	6.297308208523571	3	Mappable
2001	United States	25	5.245293251819583	3	6.297308208523571	3	Mappable
2002	United States	35	5.12192075	3	6.297308208523571	3	Mappable
2003	United States	36	5.329543150672201	3	6.297308208523571	3	Mappable
2004	United States	32	3.7707997771781128	3	6.297308208523571	3	Mappable
2005	United States	38	5.944361710581634	3	6.297308208523571	3	Mappable
2006	United States	52	6.070762477358532	3	6.297308208523571	3	Mappable
2007	United States	49	5.465795442604644	3	6.297308208523571	3	Mappable
2008	United States	52	5.690035802925619	3	6.297308208523571	3	Mappable
2009	United States	56	5.622104698126332	3	6.297308208523571	3	Mappable
2010	United States	69	5.468468723	3	6.297308208523571	3	Mappable
2011	United States	66	5.785109859035163	3	6.297308208523571	3	Mappable
2012	United States	79	5.101031063910806	3	6.297308208523571	3	Mappable
2013	United States	78	5.504009958366786	3	6.297308208523571	3	Mappable
2014	United States	91	4.418177193691876	3	6.297308208523571	3	Mappable
2015	United States	57	2.9359398527001437	2.9359398527001437	6.297308208523571	3	Mappable
2016	United States	83	3.5047667093882073	3	6.297308208523571	3	Mappable
2017	United States	72	2.7526886053556376	2.7526886053556376	6.297308208523571	3	Mappable
2018	United States	105	3.363662762	3	6.297308208523571	3	Mappable
2019	United States	89	2.188908210099063	2.188908210099063	6.297308208523571	3	Mappable
2020	United States	87	2.802115416039101	2.802115416039101	6.297308208523571	3	Mappable
2021	United States	78	1.917011237538942	1.917011237538942	6.297308208523571	3	Mappable
2022	United States	57	1.1636155834994928	1.1636155834994928	6.297308208523571	3	Mappable
2023	United States	84	1.1105644683847933	1.1105644683847933	6.297308208523571	3	Mappable
2024	United States	74	1.2512820013935866	1.2512820013935866	6.297308208523571	3	Mappable
2002	Uruguay	1	-0.351217423	-0.351217423	-0.168204881	-0.168204881	Mappable
2003	Uruguay	1	-0.347578901	-0.347578901	-0.168204881	-0.168204881	Mappable
2004	Uruguay	1	-0.461597904	-0.461597904	-0.168204881	-0.168204881	Mappable
2005	Uruguay	1	-0.31785823	-0.31785823	-0.168204881	-0.168204881	Mappable
2010	Uruguay	1	-0.378712956	-0.378712956	-0.168204881	-0.168204881	Mappable
2012	Uruguay	3	-0.21677324	-0.21677324	-0.168204881	-0.168204881	Mappable
2014	Uruguay	2	-0.255832641	-0.255832641	-0.168204881	-0.168204881	Mappable
2016	Uruguay	1	-0.32711156	-0.32711156	-0.168204881	-0.168204881	Mappable
2017	Uruguay	1	-0.307345879	-0.307345879	-0.168204881	-0.168204881	Mappable
2019	Uruguay	2	-0.263232696	-0.263232696	-0.168204881	-0.168204881	Mappable
2021	Uruguay	1	-0.253722076	-0.253722076	-0.168204881	-0.168204881	Mappable
2020	Uzbekistan	2	-0.19944059	-0.19944059	-0.210881535	-0.210881535	Mappable
2024	Uzbekistan	1	-0.245012933	-0.245012933	-0.210881535	-0.210881535	Mappable
1995	Venezuela	1	-0.343413076	-0.343413076	-0.157535718	-0.157535718	Mappable
1996	Venezuela	1	-0.268006742	-0.268006742	-0.157535718	-0.157535718	Mappable
1997	Venezuela	1	-0.246900669	-0.246900669	-0.157535718	-0.157535718	Mappable
2001	Venezuela	2	-0.158755849	-0.158755849	-0.157535718	-0.157535718	Mappable
2003	Venezuela	1	-0.347578901	-0.347578901	-0.157535718	-0.157535718	Mappable
2005	Venezuela	1	-0.31785823	-0.31785823	-0.157535718	-0.157535718	Mappable
2006	Venezuela	2	-0.210344032	-0.210344032	-0.157535718	-0.157535718	Mappable
2007	Venezuela	3	-0.121462121	-0.121462121	-0.157535718	-0.157535718	Mappable
2014	Venezuela	2	-0.255832641	-0.255832641	-0.157535718	-0.157535718	Mappable
2015	Venezuela	1	-0.362661335	-0.362661335	-0.157535718	-0.157535718	Mappable
2017	Venezuela	1	-0.307345879	-0.307345879	-0.157535718	-0.157535718	Mappable
2018	Venezuela	1	-0.291788957	-0.291788957	-0.157535718	-0.157535718	Mappable
2023	Venezuela	1	-0.231691551	-0.231691551	-0.157535718	-0.157535718	Mappable
2006	Vietnam	1	-0.335966162	-0.335966162	-0.171761269	-0.171761269	Mappable
2008	Vietnam	1	-0.371412259	-0.371412259	-0.171761269	-0.171761269	Mappable
2009	Vietnam	1	-0.362716432	-0.362716432	-0.171761269	-0.171761269	Mappable
2013	Vietnam	2	-0.29299833	-0.29299833	-0.171761269	-0.171761269	Mappable
2016	Vietnam	4	-0.186920891	-0.186920891	-0.171761269	-0.171761269	Mappable
2018	Vietnam	2	-0.256640383	-0.256640383	-0.171761269	-0.171761269	Mappable
2020	Vietnam	1	-0.234753013	-0.234753013	-0.171761269	-0.171761269	Mappable
2024	Vietnam	2	-0.224515742	-0.224515742	-0.171761269	-0.171761269	Mappable
2023	Worldwide and Republic of Korea	1	-0.231691551	-0.231691551	-0.217994311	-0.217994311	Unmappable
2005	Zambia	1	-0.31785823	-0.31785823	-0.20376876	-0.20376876	Mappable
2015	Zambia	1	-0.362661335	-0.362661335	-0.20376876	-0.20376876	Mappable
2020	Zambia	1	-0.234753013	-0.234753013	-0.20376876	-0.20376876	Mappable
2021	Zambia	1	-0.253722076	-0.253722076	-0.20376876	-0.20376876	Mappable
2024	Zambia	1	-0.245012933	-0.245012933	-0.20376876	-0.20376876	Mappable
1989	Zimbabwe	1	-0.5	-0.5	-0.193099596	-0.193099596	Mappable
2010	Zimbabwe	2	-0.29272499	-0.29272499	-0.193099596	-0.193099596	Mappable
2016	Zimbabwe	4	-0.186920891	-0.186920891	-0.193099596	-0.193099596	Mappable
2020	Zimbabwe	1	-0.234753013	-0.234753013	-0.193099596	-0.193099596	Mappable
