Year	Country	RecordCount	Z_by_year	Z_by_year_clamped	Z_all_years	Z_all_years_clamped
2012	Afghanistan	1	-0.35671545901474166	-0.35671545901474166	-0.214437923237683	-0.214437923237683
2017	Afghanistan	1	-0.307345878678055	-0.307345878678055	-0.214437923237683	-0.214437923237683
2018	Albania	1	-0.291788957477772	-0.291788957477772	-0.214437923237683	-0.214437923237683
2021	Albania	1	-0.2537220755566247	-0.2537220755566247	-0.214437923237683	-0.214437923237683
2012	Algeria	1	-0.35671545901474166	-0.35671545901474166	-0.1646484935027526	-0.1646484935027526
2013	Algeria	4	-0.14044548067983875	-0.14044548067983875	-0.1646484935027526	-0.1646484935027526
2014	Algeria	1	-0.3083496054690713	-0.3083496054690713	-0.1646484935027526	-0.1646484935027526
2016	Algeria	1	-0.32711155954289933	-0.32711155954289933	-0.1646484935027526	-0.1646484935027526
2017	Algeria	1	-0.307345878678055	-0.307345878678055	-0.1646484935027526	-0.1646484935027526
2018	Algeria	4	-0.1863432347946001	-0.1863432347946001	-0.1646484935027526	-0.1646484935027526
2019	Algeria	2	-0.2632326957649597	-0.2632326957649597	-0.1646484935027526	-0.1646484935027526
2020	Algeria	1	-0.23475301320029388	-0.23475301320029388	-0.1646484935027526	-0.1646484935027526
2021	Algeria	1	-0.2537220755566247	-0.2537220755566247	-0.1646484935027526	-0.1646484935027526
2018	Angola	1	-0.291788957477772	-0.291788957477772	-0.214437923237683	-0.214437923237683
2021	Angola	1	-0.2537220755566247	-0.2537220755566247	-0.214437923237683	-0.214437923237683
1989	Argentina	1	-0.5	-0.5	0.13408808490682977	0.13408808490682977
1996	Argentina	4	0.3573423225910479	0.3573423225910479	0.13408808490682977	0.13408808490682977
1998	Argentina	1	-0.34728662990224884	-0.34728662990224884	0.13408808490682977	0.13408808490682977
1999	Argentina	4	0.18041477685265997	0.18041477685265997	0.13408808490682977	0.13408808490682977
2000	Argentina	10	1.0239033528915897	1.0239033528915897	0.13408808490682977	0.13408808490682977
2001	Argentina	5	0.5461201206494966	0.5461201206494966	0.13408808490682977	0.13408808490682977
2002	Argentina	4	0.13170653357440915	0.13170653357440915	0.13408808490682977	0.13408808490682977
2003	Argentina	2	-0.1853754139364244	-0.1853754139364244	0.13408808490682977	0.13408808490682977
2004	Argentina	6	0.22104688348975135	0.22104688348975135	0.13408808490682977	0.13408808490682977
2005	Argentina	3	0.02064014482840847	0.02064014482840847	0.13408808490682977	0.13408808490682977
2006	Argentina	3	-0.08472190175331924	-0.08472190175331924	0.13408808490682977	0.13408808490682977
2007	Argentina	2	-0.2429242418935397	-0.2429242418935397	0.13408808490682977	0.13408808490682977
2008	Argentina	2	-0.25256033590009275	-0.25256033590009275	0.13408808490682977	0.13408808490682977
2009	Argentina	4	-0.036271643213718244	-0.036271643213718244	0.13408808490682977	0.13408808490682977
2010	Argentina	4	-0.12074905845259647	-0.12074905845259647	0.13408808490682977	0.13408808490682977
2011	Argentina	6	0.10647441458346926	0.10647441458346926	0.13408808490682977	0.13408808490682977
2012	Argentina	5	-0.07683102194163664	-0.07683102194163664	0.13408808490682977	0.13408808490682977
2013	Argentina	3	-0.21672190553182016	-0.21672190553182016	0.13408808490682977	0.13408808490682977
2014	Argentina	1	-0.3083496054690713	-0.3083496054690713	0.13408808490682977	0.13408808490682977
2015	Argentina	5	-0.1270469645149551	-0.1270469645149551	0.13408808490682977	0.13408808490682977
2016	Argentina	4	-0.18692089116737107	-0.18692089116737107	0.13408808490682977	0.13408808490682977
2017	Argentina	1	-0.307345878678055	-0.307345878678055	0.13408808490682977	0.13408808490682977
2018	Argentina	6	-0.11604608633915216	-0.11604608633915216	0.13408808490682977	0.13408808490682977
2019	Argentina	4	-0.2068616404577408	-0.2068616404577408	0.13408808490682977	0.13408808490682977
2020	Argentina	4	-0.1288157424128731	-0.1288157424128731	0.13408808490682977	0.13408808490682977
2022	Argentina	2	-0.2172227965444644	-0.2172227965444644	0.13408808490682977	0.13408808490682977
2023	Argentina	2	-0.21551979182040373	-0.21551979182040373	0.13408808490682977	0.13408808490682977
2024	Argentina	2	-0.22451574196433496	-0.22451574196433496	0.13408808490682977	0.13408808490682977
2017	Armenia	1	-0.307345878678055	-0.307345878678055	-0.21088153539947369	-0.21088153539947369
2018	Armenia	1	-0.291788957477772	-0.291788957477772	-0.21088153539947369	-0.21088153539947369
2020	Armenia	1	-0.23475301320029388	-0.23475301320029388	-0.21088153539947369	-0.21088153539947369
1985	Australia	1	-0.6390096504226938	-0.6390096504226938	-0.0366185313272173	-0.0366185313272173
1987	Australia	1	-0.447213595499958	-0.447213595499958	-0.0366185313272173	-0.0366185313272173
1988	Australia	1	-0.45596466975932304	-0.45596466975932304	-0.0366185313272173	-0.0366185313272173
1994	Australia	1	-0.40515088197854193	-0.40515088197854193	-0.0366185313272173	-0.0366185313272173
1996	Australia	1	-0.2680067419432859	-0.2680067419432859	-0.0366185313272173	-0.0366185313272173
1998	Australia	1	-0.34728662990224884	-0.34728662990224884	-0.0366185313272173	-0.0366185313272173
1999	Australia	1	-0.3843619159034929	-0.3843619159034929	-0.0366185313272173	-0.0366185313272173
2000	Australia	1	-0.33292563008131454	-0.33292563008131454	-0.0366185313272173	-0.0366185313272173
2001	Australia	1	-0.3937145055845208	-0.3937145055845208	-0.0366185313272173	-0.0366185313272173
2002	Australia	1	-0.35121742286509094	-0.35121742286509094	-0.0366185313272173	-0.0366185313272173
2005	Australia	2	-0.14860904276454082	-0.14860904276454082	-0.0366185313272173	-0.0366185313272173
2007	Australia	1	-0.36438636284030956	-0.36438636284030956	-0.0366185313272173	-0.0366185313272173
2008	Australia	2	-0.25256033590009275	-0.25256033590009275	-0.0366185313272173	-0.0366185313272173
2009	Australia	1	-0.3627164321371827	-0.3627164321371827	-0.0366185313272173	-0.0366185313272173
2010	Australia	2	-0.2927249901881127	-0.2927249901881127	-0.0366185313272173	-0.0366185313272173
2011	Australia	5	0.011830490509274361	0.011830490509274361	-0.0366185313272173	-0.0366185313272173
2012	Australia	6	-0.006859912673360393	-0.006859912673360393	-0.0366185313272173	-0.0366185313272173
2013	Australia	3	-0.21672190553182016	-0.21672190553182016	-0.0366185313272173	-0.0366185313272173
2014	Australia	3	-0.20331567659882802	-0.20331567659882802	-0.0366185313272173	-0.0366185313272173
2015	Australia	2	-0.3037577424312108	-0.3037577424312108	-0.0366185313272173	-0.0366185313272173
2016	Australia	3	-0.2336511139592138	-0.2336511139592138	-0.0366185313272173	-0.0366185313272173
2017	Australia	2	-0.2642468014381439	-0.2642468014381439	-0.0366185313272173	-0.0366185313272173
2018	Australia	3	-0.22149180902232407	-0.22149180902232407	-0.0366185313272173	-0.0366185313272173
2019	Australia	1	-0.29141822341856916	-0.29141822341856916	-0.0366185313272173	-0.0366185313272173
2020	Australia	2	-0.19944058960448696	-0.19944058960448696	-0.0366185313272173	-0.0366185313272173
2021	Australia	1	-0.2537220755566247	-0.2537220755566247	-0.0366185313272173	-0.0366185313272173
2023	Australia	2	-0.21551979182040373	-0.21551979182040373	-0.0366185313272173	-0.0366185313272173
2024	Australia	1	-0.24501293284430609	-0.24501293284430609	-0.0366185313272173	-0.0366185313272173
2009	Azerbaijan	1	-0.3627164321371827	-0.3627164321371827	-0.19665598404663642	-0.19665598404663642
2013	Azerbaijan	1	-0.36927475523578296	-0.36927475523578296	-0.19665598404663642	-0.19665598404663642
2016	Azerbaijan	1	-0.32711155954289933	-0.32711155954289933	-0.19665598404663642	-0.19665598404663642
2019	Azerbaijan	3	-0.23504716811135026	-0.23504716811135026	-0.19665598404663642	-0.19665598404663642
2020	Azerbaijan	1	-0.23475301320029388	-0.23475301320029388	-0.19665598404663642	-0.19665598404663642
2004	Bangladesh	1	-0.46159790375801035	-0.46159790375801035	-0.13264100295886877	-0.13264100295886877
2005	Bangladesh	1	-0.3178582303574901	-0.3178582303574901	-0.13264100295886877	-0.13264100295886877
2012	Bangladesh	1	-0.35671545901474166	-0.35671545901474166	-0.13264100295886877	-0.13264100295886877
2013	Bangladesh	1	-0.36927475523578296	-0.36927475523578296	-0.13264100295886877	-0.13264100295886877
2015	Bangladesh	1	-0.3626613350699627	-0.3626613350699627	-0.13264100295886877	-0.13264100295886877
2018	Bangladesh	2	-0.256640383250048	-0.256640383250048	-0.13264100295886877	-0.13264100295886877
2019	Bangladesh	8	-0.09411952984330298	-0.09411952984330298	-0.13264100295886877	-0.13264100295886877
2020	Bangladesh	1	-0.23475301320029388	-0.23475301320029388	-0.13264100295886877	-0.13264100295886877
2021	Bangladesh	2	-0.22553073382811084	-0.22553073382811084	-0.13264100295886877	-0.13264100295886877
2022	Bangladesh	4	-0.16701049181559324	-0.16701049181559324	-0.13264100295886877	-0.13264100295886877
2023	Bangladesh	3	-0.19934803254960864	-0.19934803254960864	-0.13264100295886877	-0.13264100295886877
2001	Belgium	1	-0.3937145055845208	-0.3937145055845208	-0.14331016647349673	-0.14331016647349673
2003	Belgium	3	-0.02317192674205304	-0.02317192674205304	-0.14331016647349673	-0.14331016647349673
2005	Belgium	1	-0.3178582303574901	-0.3178582303574901	-0.14331016647349673	-0.14331016647349673
2006	Belgium	2	-0.2103440319392754	-0.2103440319392754	-0.14331016647349673	-0.14331016647349673
2007	Belgium	2	-0.2429242418935397	-0.2429242418935397	-0.14331016647349673	-0.14331016647349673
2011	Belgium	4	-0.08281343356492053	-0.08281343356492053	-0.14331016647349673	-0.14331016647349673
2013	Belgium	1	-0.36927475523578296	-0.36927475523578296	-0.14331016647349673	-0.14331016647349673
2017	Belgium	2	-0.2642468014381439	-0.2642468014381439	-0.14331016647349673	-0.14331016647349673
2018	Belgium	1	-0.291788957477772	-0.291788957477772	-0.14331016647349673	-0.14331016647349673
2019	Belgium	1	-0.29141822341856916	-0.29141822341856916	-0.14331016647349673	-0.14331016647349673
2020	Belgium	1	-0.23475301320029388	-0.23475301320029388	-0.14331016647349673	-0.14331016647349673
2023	Belgium	1	-0.23169155109119882	-0.23169155109119882	-0.14331016647349673	-0.14331016647349673
2024	Belgium	2	-0.22451574196433496	-0.22451574196433496	-0.14331016647349673	-0.14331016647349673
2008	Belgium and Germany; Germany and The Netherlands	1	-0.371412258676607	-0.371412258676607	-0.21799431107589232	-0.21799431107589232
2010	Belize	1	-0.3787129560558708	-0.3787129560558708	-0.21799431107589232	-0.21799431107589232
2001	Benin	1	-0.3937145055845208	-0.3937145055845208	-0.19309959620842712	-0.19309959620842712
2009	Benin	1	-0.3627164321371827	-0.3627164321371827	-0.19309959620842712	-0.19309959620842712
2015	Benin	3	-0.2448541497924589	-0.2448541497924589	-0.19309959620842712	-0.19309959620842712
2016	Benin	1	-0.32711155954289933	-0.32711155954289933	-0.19309959620842712	-0.19309959620842712
2017	Benin	1	-0.307345878678055	-0.307345878678055	-0.19309959620842712	-0.19309959620842712
2019	Benin	1	-0.29141822341856916	-0.29141822341856916	-0.19309959620842712	-0.19309959620842712
2003	Bhutan	2	-0.1853754139364244	-0.1853754139364244	-0.214437923237683	-0.214437923237683
1997	Bolivia	1	-0.24690066923523743	-0.24690066923523743	-0.20376875972305505	-0.20376875972305505
2002	Bolivia	1	-0.35121742286509094	-0.35121742286509094	-0.20376875972305505	-0.20376875972305505
2005	Bolivia	2	-0.14860904276454082	-0.14860904276454082	-0.20376875972305505	-0.20376875972305505
2009	Bolivia	1	-0.3627164321371827	-0.3627164321371827	-0.20376875972305505	-0.20376875972305505
2011	Bosnia and Herzegovina	1	-0.36674520578750525	-0.36674520578750525	-0.16820488134096193	-0.16820488134096193
2013	Bosnia and Herzegovina	5	-0.06416905582785734	-0.06416905582785734	-0.16820488134096193	-0.16820488134096193
2014	Bosnia and Herzegovina	5	-0.09828174772858475	-0.09828174772858475	-0.16820488134096193	-0.16820488134096193
2018	Bosnia and Herzegovina	1	-0.291788957477772	-0.291788957477772	-0.16820488134096193	-0.16820488134096193
2019	Bosnia and Herzegovina	2	-0.2632326957649597	-0.2632326957649597	-0.16820488134096193	-0.16820488134096193
2020	Bosnia and Herzegovina	1	-0.23475301320029388	-0.23475301320029388	-0.16820488134096193	-0.16820488134096193
1993	Brazil	1	-0.3402988771016876	-0.3402988771016876	0.8133581620048087	0.8133581620048087
1994	Brazil	1	-0.40515088197854193	-0.40515088197854193	0.8133581620048087	0.8133581620048087
1996	Brazil	2	-0.059557053765174624	-0.059557053765174624	0.8133581620048087	0.8133581620048087
1998	Brazil	2	-0.16399646412050642	-0.16399646412050642	0.8133581620048087	0.8133581620048087
2001	Brazil	1	-0.3937145055845208	-0.3937145055845208	0.8133581620048087	0.8133581620048087
2002	Brazil	2	-0.19024277071859091	-0.19024277071859091	0.8133581620048087	0.8133581620048087
2003	Brazil	1	-0.34757890113079576	-0.34757890113079576	0.8133581620048087	0.8133581620048087
2004	Brazil	3	-0.1885399888589057	-0.1885399888589057	0.8133581620048087	0.8133581620048087
2005	Brazil	1	-0.3178582303574901	-0.3178582303574901	0.8133581620048087	0.8133581620048087
2006	Brazil	2	-0.2103440319392754	-0.2103440319392754	0.8133581620048087	0.8133581620048087
2007	Brazil	1	-0.36438636284030956	-0.36438636284030956	0.8133581620048087	0.8133581620048087
2008	Brazil	2	-0.25256033590009275	-0.25256033590009275	0.8133581620048087	0.8133581620048087
2009	Brazil	3	-0.14508657285487306	-0.14508657285487306	0.8133581620048087	0.8133581620048087
2010	Brazil	8	0.22320280501843598	0.22320280501843598	0.8133581620048087	0.8133581620048087
2011	Brazil	5	0.011830490509274361	0.011830490509274361	0.8133581620048087	0.8133581620048087
2012	Brazil	6	-0.006859912673360393	-0.006859912673360393	0.8133581620048087	0.8133581620048087
2013	Brazil	15	0.6985951926919566	0.6985951926919566	0.8133581620048087	0.8133581620048087
2014	Brazil	24	0.8995405765387263	0.8995405765387263	0.8133581620048087	0.8133581620048087
2015	Brazil	7	-0.009239779237451298	-0.009239779237451298	0.8133581620048087	0.8133581620048087
2016	Brazil	17	0.4205720051265849	0.4205720051265849	0.8133581620048087	0.8133581620048087
2017	Brazil	36	1.2011218247188358	1.2011218247188358	0.8133581620048087	0.8133581620048087
2018	Brazil	34	0.8681139920371188	0.8681139920371188	0.8133581620048087	0.8133581620048087
2019	Brazil	29	0.4977765508824955	0.4977765508824955	0.8133581620048087	0.8133581620048087
2020	Brazil	26	0.648057576694879	0.648057576694879	0.8133581620048087	0.8133581620048087
2021	Brazil	20	0.2819134172851385	0.2819134172851385	0.8133581620048087	0.8133581620048087
2022	Brazil	6	-0.11679818708672207	-0.11679818708672207	0.8133581620048087	0.8133581620048087
2023	Brazil	20	0.0755718750539078	0.0755718750539078	0.8133581620048087	0.8133581620048087
2024	Brazil	16	0.06244493035526089	0.06244493035526089	0.8133581620048087	0.8133581620048087
1998	Bulgaria	4	0.20258386744297846	0.20258386744297846	-0.10418990025319426	-0.10418990025319426
1999	Bulgaria	1	-0.3843619159034929	-0.3843619159034929	-0.10418990025319426	-0.10418990025319426
2002	Bulgaria	2	-0.19024277071859091	-0.19024277071859091	-0.10418990025319426	-0.10418990025319426
2003	Bulgaria	1	-0.34757890113079576	-0.34757890113079576	-0.10418990025319426	-0.10418990025319426
2004	Bulgaria	1	-0.46159790375801035	-0.46159790375801035	-0.10418990025319426	-0.10418990025319426
2007	Bulgaria	1	-0.36438636284030956	-0.36438636284030956	-0.10418990025319426	-0.10418990025319426
2008	Bulgaria	4	-0.01485649034706428	-0.01485649034706428	-0.10418990025319426	-0.10418990025319426
2009	Bulgaria	4	-0.036271643213718244	-0.036271643213718244	-0.10418990025319426	-0.10418990025319426
2011	Bulgaria	1	-0.36674520578750525	-0.36674520578750525	-0.10418990025319426	-0.10418990025319426
2013	Bulgaria	3	-0.21672190553182016	-0.21672190553182016	-0.10418990025319426	-0.10418990025319426
2014	Bulgaria	2	-0.25583264103394965	-0.25583264103394965	-0.10418990025319426	-0.10418990025319426
2016	Bulgaria	1	-0.32711155954289933	-0.32711155954289933	-0.10418990025319426	-0.10418990025319426
2017	Bulgaria	1	-0.307345878678055	-0.307345878678055	-0.10418990025319426	-0.10418990025319426
2018	Bulgaria	3	-0.22149180902232407	-0.22149180902232407	-0.10418990025319426	-0.10418990025319426
2020	Bulgaria	2	-0.19944058960448696	-0.19944058960448696	-0.10418990025319426	-0.10418990025319426
2022	Bulgaria	1	-0.2423289489089	-0.2423289489089	-0.10418990025319426	-0.10418990025319426
2023	Bulgaria	1	-0.23169155109119882	-0.23169155109119882	-0.10418990025319426	-0.10418990025319426
2001	Burkina Faso	1	-0.3937145055845208	-0.3937145055845208	-0.19665598404663642	-0.19665598404663642
2011	Burkina Faso	2	-0.27210128171331033	-0.27210128171331033	-0.19665598404663642	-0.19665598404663642
2013	Burkina Faso	1	-0.36927475523578296	-0.36927475523578296	-0.19665598404663642	-0.19665598404663642
2014	Burkina Faso	1	-0.3083496054690713	-0.3083496054690713	-0.19665598404663642	-0.19665598404663642
2015	Burkina Faso	2	-0.3037577424312108	-0.3037577424312108	-0.19665598404663642	-0.19665598404663642
2012	Burundi	1	-0.35671545901474166	-0.35671545901474166	-0.214437923237683	-0.214437923237683
2014	Burundi	1	-0.3083496054690713	-0.3083496054690713	-0.214437923237683	-0.214437923237683
2008	Cambodia	1	-0.371412258676607	-0.371412258676607	-0.20732514756126438	-0.20732514756126438
2016	Cambodia	2	-0.2803813367510566	-0.2803813367510566	-0.20732514756126438	-0.20732514756126438
2020	Cambodia	1	-0.23475301320029388	-0.23475301320029388	-0.20732514756126438	-0.20732514756126438
1997	Cameroon	1	-0.24690066923523743	-0.24690066923523743	-0.21088153539947369	-0.21088153539947369
1998	Cameroon	1	-0.34728662990224884	-0.34728662990224884	-0.21088153539947369	-0.21088153539947369
2020	Cameroon	1	-0.23475301320029388	-0.23475301320029388	-0.21088153539947369	-0.21088153539947369
1988	Canada	2	-0.2072566680724196	-0.2072566680724196	0.27634359843520234	0.27634359843520234
1990	Canada	4	0.3244428422615251	0.3244428422615251	0.27634359843520234	0.27634359843520234
1991	Canada	1	-0.5	-0.5	0.27634359843520234	0.27634359843520234
1992	Canada	3	0.05333048911642417	0.05333048911642417	0.27634359843520234	0.27634359843520234
1993	Canada	1	-0.3402988771016876	-0.3402988771016876	0.27634359843520234	0.27634359843520234
1995	Canada	2	-0.17806603931507162	-0.17806603931507162	0.27634359843520234	0.27634359843520234
1996	Canada	2	-0.059557053765174624	-0.059557053765174624	0.27634359843520234	0.27634359843520234
1997	Canada	3	0.1388816264448211	0.1388816264448211	0.27634359843520234	0.27634359843520234
1998	Canada	3	0.019293701661236024	0.019293701661236024	0.27634359843520234	0.27634359843520234
1999	Canada	5	0.3686736744380443	0.3686736744380443	0.27634359843520234	0.27634359843520234
2000	Canada	2	-0.18216685419543627	-0.18216685419543627	0.27634359843520234	0.27634359843520234
2001	Canada	6	0.7810787772080009	0.7810787772080009	0.27634359843520234	0.27634359843520234
2002	Canada	4	0.13170653357440915	0.13170653357440915	0.27634359843520234	0.27634359843520234
2003	Canada	6	0.463438534841061	0.463438534841061	0.27634359843520234	0.27634359843520234
2005	Canada	4	0.18988933242135775	0.18988933242135775	0.27634359843520234	0.27634359843520234
2006	Canada	5	0.16652235861859305	0.16652235861859305	0.27634359843520234	0.27634359843520234
2007	Canada	4	0	0	0.27634359843520234	0.27634359843520234
2008	Canada	5	0.10399543242944996	0.10399543242944996	0.27634359843520234	0.27634359843520234
2009	Canada	6	0.1813582160685914	0.1813582160685914	0.27634359843520234	0.27634359843520234
2010	Canada	5	-0.03476109258483835	-0.03476109258483835	0.27634359843520234	0.27634359843520234
2011	Canada	1	-0.36674520578750525	-0.36674520578750525	0.27634359843520234	0.27634359843520234
2012	Canada	2	-0.2867443497464654	-0.2867443497464654	0.27634359843520234	0.27634359843520234
2013	Canada	5	-0.06416905582785734	-0.06416905582785734	0.27634359843520234	0.27634359843520234
2014	Canada	5	-0.09828174772858475	-0.09828174772858475	0.27634359843520234	0.27634359843520234
2015	Canada	5	-0.1270469645149551	-0.1270469645149551	0.27634359843520234	0.27634359843520234
2016	Canada	12	0.18692089116737107	0.18692089116737107	0.27634359843520234	0.27634359843520234
2017	Canada	1	-0.307345878678055	-0.307345878678055	0.27634359843520234	0.27634359843520234
2018	Canada	3	-0.22149180902232407	-0.22149180902232407	0.27634359843520234	0.27634359843520234
2019	Canada	4	-0.2068616404577408	-0.2068616404577408	0.27634359843520234	0.27634359843520234
2020	Canada	2	-0.19944058960448696	-0.19944058960448696	0.27634359843520234	0.27634359843520234
2021	Canada	5	-0.14095670864256926	-0.14095670864256926	0.27634359843520234	0.27634359843520234
2022	Canada	5	-0.14190433945115766	-0.14190433945115766	0.27634359843520234	0.27634359843520234
2023	Canada	7	-0.13466099546642832	-0.13466099546642832	0.27634359843520234	0.27634359843520234
2024	Canada	10	-0.0605382149245659	-0.0605382149245659	0.27634359843520234	0.27634359843520234
2005	Canada and Hong Kong	1	-0.3178582303574901	-0.3178582303574901	-0.21799431107589232	-0.21799431107589232
2014	Central African Republic	1	-0.3083496054690713	-0.3083496054690713	-0.21799431107589232	-0.21799431107589232
2001	Chile	1	-0.3937145055845208	-0.3937145055845208	0.08429865517189938	0.08429865517189938
2003	Chile	1	-0.34757890113079576	-0.34757890113079576	0.08429865517189938	0.08429865517189938
2004	Chile	2	-0.325068946308458	-0.325068946308458	0.08429865517189938	0.08429865517189938
2005	Chile	3	0.02064014482840847	0.02064014482840847	0.08429865517189938	0.08429865517189938
2006	Chile	1	-0.33596616212523156	-0.33596616212523156	0.08429865517189938	0.08429865517189938
2007	Chile	2	-0.2429242418935397	-0.2429242418935397	0.08429865517189938	0.08429865517189938
2008	Chile	1	-0.371412258676607	-0.371412258676607	0.08429865517189938	0.08429865517189938
2009	Chile	1	-0.3627164321371827	-0.3627164321371827	0.08429865517189938	0.08429865517189938
2010	Chile	2	-0.2927249901881127	-0.2927249901881127	0.08429865517189938	0.08429865517189938
2011	Chile	4	-0.08281343356492053	-0.08281343356492053	0.08429865517189938	0.08429865517189938
2012	Chile	2	-0.2867443497464654	-0.2867443497464654	0.08429865517189938	0.08429865517189938
2013	Chile	7	0.08838379387610545	0.08838379387610545	0.08429865517189938	0.08429865517189938
2014	Chile	5	-0.09828174772858475	-0.09828174772858475	0.08429865517189938	0.08429865517189938
2015	Chile	3	-0.2448541497924589	-0.2448541497924589	0.08429865517189938	0.08429865517189938
2016	Chile	8	0	0	0.08429865517189938	0.08429865517189938
2017	Chile	4	-0.17804864695832154	-0.17804864695832154	0.08429865517189938	0.08429865517189938
2018	Chile	7	-0.0808975121114282	-0.0808975121114282	0.08429865517189938	0.08429865517189938
2019	Chile	6	-0.15049058515052188	-0.15049058515052188	0.08429865517189938	0.08429865517189938
2020	Chile	8	0.012433951970354547	0.012433951970354547	0.08429865517189938	0.08429865517189938
2021	Chile	3	-0.19733939209959697	-0.19733939209959697	0.08429865517189938	0.08429865517189938
2022	Chile	2	-0.2172227965444644	-0.2172227965444644	0.08429865517189938	0.08429865517189938
2023	Chile	7	-0.13466099546642832	-0.13466099546642832	0.08429865517189938	0.08429865517189938
2024	Chile	6	-0.14252697844445042	-0.14252697844445042	0.08429865517189938	0.08429865517189938
1992	China	1	-0.5866353802806664	-0.5866353802806664	9.686545818337049	3
1996	China	1	-0.2680067419432859	-0.2680067419432859	9.686545818337049	3
2000	China	1	-0.33292563008131454	-0.33292563008131454	9.686545818337049	3
2002	China	1	-0.35121742286509094	-0.35121742286509094	9.686545818337049	3
2003	China	3	-0.02317192674205304	-0.02317192674205304	9.686545818337049	3
2004	China	3	-0.1885399888589057	-0.1885399888589057	9.686545818337049	3
2005	China	3	0.02064014482840847	0.02064014482840847	9.686545818337049	3
2006	China	6	0.2921444888045492	0.2921444888045492	9.686545818337049	3
2007	China	14	1.2146212094676985	1.2146212094676985	9.686545818337049	3
2008	China	21	2.0056261968536777	2.0056261968536777	9.686545818337049	3
2009	China	18	1.4871373717624494	1.4871373717624494	9.686545818337049	3
2010	China	37	2.716853815183421	2.716853815183421	9.686545818337049	3
2011	China	45	3.79758745347707	3	9.686545818337049	3
2012	China	68	4.331348861959768	3	9.686545818337049	3
2013	China	65	4.512416435291027	3	9.686545818337049	3
2014	China	129	6.413821842226498	3	9.686545818337049	3
2015	China	106	5.822215891998987	3	9.686545818337049	3
2016	China	146	6.4487707452743015	3	9.686545818337049	3
2017	China	161	6.588506479707731	3	9.686545818337049	3
2018	China	199	6.667628739611573	3	9.686545818337049	3
2019	China	252	6.783149217637404	3	9.686545818337049	3
2020	China	224	7.639917448664649	3	9.686545818337049	3
2021	China	256	6.935070065214409	3	9.686545818337049	3
2022	China	268	6.461013732395401	3	9.686545818337049	3
2023	China	442	6.900054287329434	3	9.686545818337049	3
2024	China	316	6.2116021943466	3	9.686545818337049	3
1985	Colombia	1	-0.6390096504226938	-0.6390096504226938	-0.12197183944424084	-0.12197183944424084
1995	Colombia	1	-0.3434130758219238	-0.3434130758219238	-0.12197183944424084	-0.12197183944424084
1996	Colombia	1	-0.2680067419432859	-0.2680067419432859	-0.12197183944424084	-0.12197183944424084
1997	Colombia	1	-0.24690066923523743	-0.24690066923523743	-0.12197183944424084	-0.12197183944424084
2003	Colombia	1	-0.34757890113079576	-0.34757890113079576	-0.12197183944424084	-0.12197183944424084
2006	Colombia	1	-0.33596616212523156	-0.33596616212523156	-0.12197183944424084	-0.12197183944424084
2007	Colombia	1	-0.36438636284030956	-0.36438636284030956	-0.12197183944424084	-0.12197183944424084
2010	Colombia	1	-0.3787129560558708	-0.3787129560558708	-0.12197183944424084	-0.12197183944424084
2011	Colombia	1	-0.36674520578750525	-0.36674520578750525	-0.12197183944424084	-0.12197183944424084
2012	Colombia	2	-0.2867443497464654	-0.2867443497464654	-0.12197183944424084	-0.12197183944424084
2014	Colombia	1	-0.3083496054690713	-0.3083496054690713	-0.12197183944424084	-0.12197183944424084
2016	Colombia	1	-0.32711155954289933	-0.32711155954289933	-0.12197183944424084	-0.12197183944424084
2017	Colombia	2	-0.2642468014381439	-0.2642468014381439	-0.12197183944424084	-0.12197183944424084
2018	Colombia	3	-0.22149180902232407	-0.22149180902232407	-0.12197183944424084	-0.12197183944424084
2019	Colombia	1	-0.29141822341856916	-0.29141822341856916	-0.12197183944424084	-0.12197183944424084
2020	Colombia	3	-0.16412816600868005	-0.16412816600868005	-0.12197183944424084	-0.12197183944424084
2021	Colombia	2	-0.22553073382811084	-0.22553073382811084	-0.12197183944424084	-0.12197183944424084
2023	Colombia	2	-0.21551979182040373	-0.21551979182040373	-0.12197183944424084	-0.12197183944424084
2024	Colombia	2	-0.22451574196433496	-0.22451574196433496	-0.12197183944424084	-0.12197183944424084
1998	Costa Rica	1	-0.34728662990224884	-0.34728662990224884	-0.14686655431170603	-0.14686655431170603
1999	Costa Rica	2	-0.1961030183181086	-0.1961030183181086	-0.14686655431170603	-0.14686655431170603
2001	Costa Rica	2	-0.1587558490260165	-0.1587558490260165	-0.14686655431170603	-0.14686655431170603
2002	Costa Rica	2	-0.19024277071859091	-0.19024277071859091	-0.14686655431170603	-0.14686655431170603
2005	Costa Rica	3	0.02064014482840847	0.02064014482840847	-0.14686655431170603	-0.14686655431170603
2007	Costa Rica	1	-0.36438636284030956	-0.36438636284030956	-0.14686655431170603	-0.14686655431170603
2008	Costa Rica	2	-0.25256033590009275	-0.25256033590009275	-0.14686655431170603	-0.14686655431170603
2009	Costa Rica	2	-0.2539015024960279	-0.2539015024960279	-0.14686655431170603	-0.14686655431170603
2011	Costa Rica	1	-0.36674520578750525	-0.36674520578750525	-0.14686655431170603	-0.14686655431170603
2013	Costa Rica	1	-0.36927475523578296	-0.36927475523578296	-0.14686655431170603	-0.14686655431170603
2014	Costa Rica	1	-0.3083496054690713	-0.3083496054690713	-0.14686655431170603	-0.14686655431170603
2015	Costa Rica	1	-0.3626613350699627	-0.3626613350699627	-0.14686655431170603	-0.14686655431170603
2020	Costa Rica	1	-0.23475301320029388	-0.23475301320029388	-0.14686655431170603	-0.14686655431170603
2021	Costa Rica	1	-0.2537220755566247	-0.2537220755566247	-0.14686655431170603	-0.14686655431170603
2007	Croatia	1	-0.36438636284030956	-0.36438636284030956	-0.1361973907970781	-0.1361973907970781
2008	Croatia	1	-0.371412258676607	-0.371412258676607	-0.1361973907970781	-0.1361973907970781
2009	Croatia	1	-0.3627164321371827	-0.3627164321371827	-0.1361973907970781	-0.1361973907970781
2011	Croatia	2	-0.27210128171331033	-0.27210128171331033	-0.1361973907970781	-0.1361973907970781
2012	Croatia	2	-0.2867443497464654	-0.2867443497464654	-0.1361973907970781	-0.1361973907970781
2013	Croatia	2	-0.2929983303838016	-0.2929983303838016	-0.1361973907970781	-0.1361973907970781
2014	Croatia	1	-0.3083496054690713	-0.3083496054690713	-0.1361973907970781	-0.1361973907970781
2015	Croatia	3	-0.2448541497924589	-0.2448541497924589	-0.1361973907970781	-0.1361973907970781
2016	Croatia	5	-0.1401906683755283	-0.1401906683755283	-0.1361973907970781	-0.1361973907970781
2017	Croatia	1	-0.307345878678055	-0.307345878678055	-0.1361973907970781	-0.1361973907970781
2018	Croatia	1	-0.291788957477772	-0.291788957477772	-0.1361973907970781	-0.1361973907970781
2019	Croatia	1	-0.29141822341856916	-0.29141822341856916	-0.1361973907970781	-0.1361973907970781
2023	Croatia	3	-0.19934803254960864	-0.19934803254960864	-0.1361973907970781	-0.1361973907970781
1998	Cuba	1	-0.34728662990224884	-0.34728662990224884	-0.1859868205320085	-0.1859868205320085
1999	Cuba	1	-0.3843619159034929	-0.3843619159034929	-0.1859868205320085	-0.1859868205320085
2002	Cuba	2	-0.19024277071859091	-0.19024277071859091	-0.1859868205320085	-0.1859868205320085
2003	Cuba	1	-0.34757890113079576	-0.34757890113079576	-0.1859868205320085	-0.1859868205320085
2008	Cuba	1	-0.371412258676607	-0.371412258676607	-0.1859868205320085	-0.1859868205320085
2017	Cuba	2	-0.2642468014381439	-0.2642468014381439	-0.1859868205320085	-0.1859868205320085
2020	Cuba	1	-0.23475301320029388	-0.23475301320029388	-0.1859868205320085	-0.1859868205320085
2023	Cuba	1	-0.23169155109119882	-0.23169155109119882	-0.1859868205320085	-0.1859868205320085
2014	Cyprus	1	-0.3083496054690713	-0.3083496054690713	-0.1895432083702178	-0.1895432083702178
2015	Cyprus	2	-0.3037577424312108	-0.3037577424312108	-0.1895432083702178	-0.1895432083702178
2016	Cyprus	3	-0.2336511139592138	-0.2336511139592138	-0.1895432083702178	-0.1895432083702178
2017	Cyprus	2	-0.2642468014381439	-0.2642468014381439	-0.1895432083702178	-0.1895432083702178
2022	Cyprus	1	-0.2423289489089	-0.2423289489089	-0.1895432083702178	-0.1895432083702178
2000	Czech Republic	1	-0.33292563008131454	-0.33292563008131454	-0.07929518538572906	-0.07929518538572906
2003	Czech Republic	2	-0.1853754139364244	-0.1853754139364244	-0.07929518538572906	-0.07929518538572906
2007	Czech Republic	4	0	0	-0.07929518538572906	-0.07929518538572906
2008	Czech Republic	4	-0.01485649034706428	-0.01485649034706428	-0.07929518538572906	-0.07929518538572906
2009	Czech Republic	2	-0.2539015024960279	-0.2539015024960279	-0.07929518538572906	-0.07929518538572906
2010	Czech Republic	2	-0.2927249901881127	-0.2927249901881127	-0.07929518538572906	-0.07929518538572906
2011	Czech Republic	5	0.011830490509274361	0.011830490509274361	-0.07929518538572906	-0.07929518538572906
2012	Czech Republic	2	-0.2867443497464654	-0.2867443497464654	-0.07929518538572906	-0.07929518538572906
2013	Czech Republic	2	-0.2929983303838016	-0.2929983303838016	-0.07929518538572906	-0.07929518538572906
2014	Czech Republic	2	-0.25583264103394965	-0.25583264103394965	-0.07929518538572906	-0.07929518538572906
2015	Czech Republic	3	-0.2448541497924589	-0.2448541497924589	-0.07929518538572906	-0.07929518538572906
2017	Czech Republic	3	-0.2211477241982327	-0.2211477241982327	-0.07929518538572906	-0.07929518538572906
2018	Czech Republic	1	-0.291788957477772	-0.291788957477772	-0.07929518538572906	-0.07929518538572906
2019	Czech Republic	1	-0.29141822341856916	-0.29141822341856916	-0.07929518538572906	-0.07929518538572906
2021	Czech Republic	1	-0.2537220755566247	-0.2537220755566247	-0.07929518538572906	-0.07929518538572906
2022	Czech Republic	1	-0.2423289489089	-0.2423289489089	-0.07929518538572906	-0.07929518538572906
2023	Czech Republic	4	-0.18317627327881356	-0.18317627327881356	-0.07929518538572906	-0.07929518538572906
2010	Côte d'Ivoire	2	-0.2927249901881127	-0.2927249901881127	-0.19665598404663642	-0.19665598404663642
2013	Côte d'Ivoire	1	-0.36927475523578296	-0.36927475523578296	-0.19665598404663642	-0.19665598404663642
2014	Côte d'Ivoire	1	-0.3083496054690713	-0.3083496054690713	-0.19665598404663642	-0.19665598404663642
2021	Côte d'Ivoire	2	-0.22553073382811084	-0.22553073382811084	-0.19665598404663642	-0.19665598404663642
2023	Côte d'Ivoire	1	-0.23169155109119882	-0.23169155109119882	-0.19665598404663642	-0.19665598404663642
2011	Côte d'Ivoire and Cameroon	1	-0.36674520578750525	-0.36674520578750525	-0.21799431107589232	-0.21799431107589232
2007	Democratic Republic of the Congo	1	-0.36438636284030956	-0.36438636284030956	-0.20732514756126438	-0.20732514756126438
2013	Democratic Republic of the Congo	1	-0.36927475523578296	-0.36927475523578296	-0.20732514756126438	-0.20732514756126438
2014	Democratic Republic of the Congo	1	-0.3083496054690713	-0.3083496054690713	-0.20732514756126438	-0.20732514756126438
2019	Democratic Republic of the Congo	1	-0.29141822341856916	-0.29141822341856916	-0.20732514756126438	-0.20732514756126438
1999	Denmark	1	-0.3843619159034929	-0.3843619159034929	-0.20021237188484575	-0.20021237188484575
2002	Denmark	1	-0.35121742286509094	-0.35121742286509094	-0.20021237188484575	-0.20021237188484575
2005	Denmark	1	-0.3178582303574901	-0.3178582303574901	-0.20021237188484575	-0.20021237188484575
2011	Denmark	1	-0.36674520578750525	-0.36674520578750525	-0.20021237188484575	-0.20021237188484575
2017	Denmark	2	-0.2642468014381439	-0.2642468014381439	-0.20021237188484575	-0.20021237188484575
2002	Dominican Republic	1	-0.35121742286509094	-0.35121742286509094	-0.19309959620842712	-0.19309959620842712
2009	Dominican Republic	1	-0.3627164321371827	-0.3627164321371827	-0.19309959620842712	-0.19309959620842712
2014	Dominican Republic	5	-0.09828174772858475	-0.09828174772858475	-0.19309959620842712	-0.19309959620842712
2016	Dominican Republic	1	-0.32711155954289933	-0.32711155954289933	-0.19309959620842712	-0.19309959620842712
1997	Ecuador	1	-0.24690066923523743	-0.24690066923523743	-0.11841545160603152	-0.11841545160603152
2000	Ecuador	1	-0.33292563008131454	-0.33292563008131454	-0.11841545160603152	-0.11841545160603152
2011	Ecuador	1	-0.36674520578750525	-0.36674520578750525	-0.11841545160603152	-0.11841545160603152
2013	Ecuador	2	-0.2929983303838016	-0.2929983303838016	-0.11841545160603152	-0.11841545160603152
2014	Ecuador	3	-0.20331567659882802	-0.20331567659882802	-0.11841545160603152	-0.11841545160603152
2016	Ecuador	4	-0.18692089116737107	-0.18692089116737107	-0.11841545160603152	-0.11841545160603152
2017	Ecuador	1	-0.307345878678055	-0.307345878678055	-0.11841545160603152	-0.11841545160603152
2018	Ecuador	2	-0.256640383250048	-0.256640383250048	-0.11841545160603152	-0.11841545160603152
2019	Ecuador	3	-0.23504716811135026	-0.23504716811135026	-0.11841545160603152	-0.11841545160603152
2020	Ecuador	2	-0.19944058960448696	-0.19944058960448696	-0.11841545160603152	-0.11841545160603152
2021	Ecuador	2	-0.22553073382811084	-0.22553073382811084	-0.11841545160603152	-0.11841545160603152
2022	Ecuador	1	-0.2423289489089	-0.2423289489089	-0.11841545160603152	-0.11841545160603152
2023	Ecuador	2	-0.21551979182040373	-0.21551979182040373	-0.11841545160603152	-0.11841545160603152
2024	Ecuador	4	-0.1835213602043927	-0.1835213602043927	-0.11841545160603152	-0.11841545160603152
2003	Egypt	1	-0.34757890113079576	-0.34757890113079576	-0.19309959620842712	-0.19309959620842712
2006	Egypt	1	-0.33596616212523156	-0.33596616212523156	-0.19309959620842712	-0.19309959620842712
2007	Egypt	1	-0.36438636284030956	-0.36438636284030956	-0.19309959620842712	-0.19309959620842712
2008	Egypt	1	-0.371412258676607	-0.371412258676607	-0.19309959620842712	-0.19309959620842712
2014	Egypt	2	-0.25583264103394965	-0.25583264103394965	-0.19309959620842712	-0.19309959620842712
2016	Egypt	1	-0.32711155954289933	-0.32711155954289933	-0.19309959620842712	-0.19309959620842712
2023	Egypt	1	-0.23169155109119882	-0.23169155109119882	-0.19309959620842712	-0.19309959620842712
2013	El Salvador	1	-0.36927475523578296	-0.36927475523578296	-0.21799431107589232	-0.21799431107589232
2011	Eritrea	1	-0.36674520578750525	-0.36674520578750525	-0.214437923237683	-0.214437923237683
2020	Eritrea	1	-0.23475301320029388	-0.23475301320029388	-0.214437923237683	-0.214437923237683
2002	Estonia	1	-0.35121742286509094	-0.35121742286509094	-0.20732514756126438	-0.20732514756126438
2014	Estonia	1	-0.3083496054690713	-0.3083496054690713	-0.20732514756126438	-0.20732514756126438
2016	Estonia	1	-0.32711155954289933	-0.32711155954289933	-0.20732514756126438	-0.20732514756126438
2019	Estonia	1	-0.29141822341856916	-0.29141822341856916	-0.20732514756126438	-0.20732514756126438
1999	Ethiopia	1	-0.3843619159034929	-0.3843619159034929	-0.1610921056645433	-0.1610921056645433
2006	Ethiopia	1	-0.33596616212523156	-0.33596616212523156	-0.1610921056645433	-0.1610921056645433
2009	Ethiopia	1	-0.3627164321371827	-0.3627164321371827	-0.1610921056645433	-0.1610921056645433
2010	Ethiopia	1	-0.3787129560558708	-0.3787129560558708	-0.1610921056645433	-0.1610921056645433
2014	Ethiopia	2	-0.25583264103394965	-0.25583264103394965	-0.1610921056645433	-0.1610921056645433
2015	Ethiopia	1	-0.3626613350699627	-0.3626613350699627	-0.1610921056645433	-0.1610921056645433
2016	Ethiopia	1	-0.32711155954289933	-0.32711155954289933	-0.1610921056645433	-0.1610921056645433
2017	Ethiopia	1	-0.307345878678055	-0.307345878678055	-0.1610921056645433	-0.1610921056645433
2018	Ethiopia	3	-0.22149180902232407	-0.22149180902232407	-0.1610921056645433	-0.1610921056645433
2019	Ethiopia	2	-0.2632326957649597	-0.2632326957649597	-0.1610921056645433	-0.1610921056645433
2020	Ethiopia	3	-0.16412816600868005	-0.16412816600868005	-0.1610921056645433	-0.1610921056645433
2001	Finland	1	-0.3937145055845208	-0.3937145055845208	-0.18243043269379916	-0.18243043269379916
2005	Finland	1	-0.3178582303574901	-0.3178582303574901	-0.18243043269379916	-0.18243043269379916
2007	Finland	1	-0.36438636284030956	-0.36438636284030956	-0.18243043269379916	-0.18243043269379916
2011	Finland	1	-0.36674520578750525	-0.36674520578750525	-0.18243043269379916	-0.18243043269379916
2012	Finland	1	-0.35671545901474166	-0.35671545901474166	-0.18243043269379916	-0.18243043269379916
2013	Finland	1	-0.36927475523578296	-0.36927475523578296	-0.18243043269379916	-0.18243043269379916
2014	Finland	1	-0.3083496054690713	-0.3083496054690713	-0.18243043269379916	-0.18243043269379916
2015	Finland	1	-0.3626613350699627	-0.3626613350699627	-0.18243043269379916	-0.18243043269379916
2018	Finland	1	-0.291788957477772	-0.291788957477772	-0.18243043269379916	-0.18243043269379916
2020	Finland	1	-0.23475301320029388	-0.23475301320029388	-0.18243043269379916	-0.18243043269379916
2021	Finland	1	-0.2537220755566247	-0.2537220755566247	-0.18243043269379916	-0.18243043269379916
1993	France	1	-0.3402988771016876	-0.3402988771016876	-0.008167428621542782	-0.008167428621542782
1995	France	1	-0.3434130758219238	-0.3434130758219238	-0.008167428621542782	-0.008167428621542782
2002	France	1	-0.35121742286509094	-0.35121742286509094	-0.008167428621542782	-0.008167428621542782
2003	France	1	-0.34757890113079576	-0.34757890113079576	-0.008167428621542782	-0.008167428621542782
2004	France	1	-0.46159790375801035	-0.46159790375801035	-0.008167428621542782	-0.008167428621542782
2005	France	2	-0.14860904276454082	-0.14860904276454082	-0.008167428621542782	-0.008167428621542782
2006	France	1	-0.33596616212523156	-0.33596616212523156	-0.008167428621542782	-0.008167428621542782
2007	France	5	0.12146212094676985	0.12146212094676985	-0.008167428621542782	-0.008167428621542782
2008	France	1	-0.371412258676607	-0.371412258676607	-0.008167428621542782	-0.008167428621542782
2009	France	2	-0.2539015024960279	-0.2539015024960279	-0.008167428621542782	-0.008167428621542782
2010	France	2	-0.2927249901881127	-0.2927249901881127	-0.008167428621542782	-0.008167428621542782
2011	France	3	-0.17745735763911544	-0.17745735763911544	-0.008167428621542782	-0.008167428621542782
2012	France	3	-0.21677324047818916	-0.21677324047818916	-0.008167428621542782	-0.008167428621542782
2013	France	2	-0.2929983303838016	-0.2929983303838016	-0.008167428621542782	-0.008167428621542782
2014	France	4	-0.15079871216370638	-0.15079871216370638	-0.008167428621542782	-0.008167428621542782
2015	France	5	-0.1270469645149551	-0.1270469645149551	-0.008167428621542782	-0.008167428621542782
2016	France	2	-0.2803813367510566	-0.2803813367510566	-0.008167428621542782	-0.008167428621542782
2017	France	4	-0.17804864695832154	-0.17804864695832154	-0.008167428621542782	-0.008167428621542782
2018	France	3	-0.22149180902232407	-0.22149180902232407	-0.008167428621542782	-0.008167428621542782
2019	France	4	-0.2068616404577408	-0.2068616404577408	-0.008167428621542782	-0.008167428621542782
2020	France	2	-0.19944058960448696	-0.19944058960448696	-0.008167428621542782	-0.008167428621542782
2021	France	1	-0.2537220755566247	-0.2537220755566247	-0.008167428621542782	-0.008167428621542782
2022	France	3	-0.19211664418002883	-0.19211664418002883	-0.008167428621542782	-0.008167428621542782
2023	France	4	-0.18317627327881356	-0.18317627327881356	-0.008167428621542782	-0.008167428621542782
2024	France	2	-0.22451574196433496	-0.22451574196433496	-0.008167428621542782	-0.008167428621542782
2013	Gabon	1	-0.36927475523578296	-0.36927475523578296	-0.214437923237683	-0.214437923237683
2014	Gabon	1	-0.3083496054690713	-0.3083496054690713	-0.214437923237683	-0.214437923237683
2006	Georgia	1	-0.33596616212523156	-0.33596616212523156	-0.214437923237683	-0.214437923237683
2014	Georgia	1	-0.3083496054690713	-0.3083496054690713	-0.214437923237683	-0.214437923237683
2003	Germany	1	-0.34757890113079576	-0.34757890113079576	-0.15397932998812466	-0.15397932998812466
2006	Germany	1	-0.33596616212523156	-0.33596616212523156	-0.15397932998812466	-0.15397932998812466
2007	Germany	1	-0.36438636284030956	-0.36438636284030956	-0.15397932998812466	-0.15397932998812466
2010	Germany	2	-0.2927249901881127	-0.2927249901881127	-0.15397932998812466	-0.15397932998812466
2011	Germany	1	-0.36674520578750525	-0.36674520578750525	-0.15397932998812466	-0.15397932998812466
2012	Germany	1	-0.35671545901474166	-0.35671545901474166	-0.15397932998812466	-0.15397932998812466
2013	Germany	1	-0.36927475523578296	-0.36927475523578296	-0.15397932998812466	-0.15397932998812466
2015	Germany	1	-0.3626613350699627	-0.3626613350699627	-0.15397932998812466	-0.15397932998812466
2016	Germany	1	-0.32711155954289933	-0.32711155954289933	-0.15397932998812466	-0.15397932998812466
2018	Germany	4	-0.1863432347946001	-0.1863432347946001	-0.15397932998812466	-0.15397932998812466
2020	Germany	2	-0.19944058960448696	-0.19944058960448696	-0.15397932998812466	-0.15397932998812466
2021	Germany	2	-0.22553073382811084	-0.22553073382811084	-0.15397932998812466	-0.15397932998812466
2024	Germany	1	-0.24501293284430609	-0.24501293284430609	-0.15397932998812466	-0.15397932998812466
1998	Ghana	1	-0.34728662990224884	-0.34728662990224884	-0.1859868205320085	-0.1859868205320085
1999	Ghana	1	-0.3843619159034929	-0.3843619159034929	-0.1859868205320085	-0.1859868205320085
2007	Ghana	1	-0.36438636284030956	-0.36438636284030956	-0.1859868205320085	-0.1859868205320085
2008	Ghana	1	-0.371412258676607	-0.371412258676607	-0.1859868205320085	-0.1859868205320085
2011	Ghana	1	-0.36674520578750525	-0.36674520578750525	-0.1859868205320085	-0.1859868205320085
2012	Ghana	1	-0.35671545901474166	-0.35671545901474166	-0.1859868205320085	-0.1859868205320085
2013	Ghana	1	-0.36927475523578296	-0.36927475523578296	-0.1859868205320085	-0.1859868205320085
2014	Ghana	1	-0.3083496054690713	-0.3083496054690713	-0.1859868205320085	-0.1859868205320085
2016	Ghana	1	-0.32711155954289933	-0.32711155954289933	-0.1859868205320085	-0.1859868205320085
2022	Ghana	1	-0.2423289489089	-0.2423289489089	-0.1859868205320085	-0.1859868205320085
1992	Greece	1	-0.5866353802806664	-0.5866353802806664	0.0629603281426435	0.0629603281426435
1995	Greece	1	-0.3434130758219238	-0.3434130758219238	0.0629603281426435	0.0629603281426435
1996	Greece	1	-0.2680067419432859	-0.2680067419432859	0.0629603281426435	0.0629603281426435
1997	Greece	1	-0.24690066923523743	-0.24690066923523743	0.0629603281426435	0.0629603281426435
1999	Greece	2	-0.1961030183181086	-0.1961030183181086	0.0629603281426435	0.0629603281426435
2000	Greece	1	-0.33292563008131454	-0.33292563008131454	0.0629603281426435	0.0629603281426435
2001	Greece	1	-0.3937145055845208	-0.3937145055845208	0.0629603281426435	0.0629603281426435
2002	Greece	2	-0.19024277071859091	-0.19024277071859091	0.0629603281426435	0.0629603281426435
2003	Greece	1	-0.34757890113079576	-0.34757890113079576	0.0629603281426435	0.0629603281426435
2004	Greece	2	-0.325068946308458	-0.325068946308458	0.0629603281426435	0.0629603281426435
2005	Greece	1	-0.3178582303574901	-0.3178582303574901	0.0629603281426435	0.0629603281426435
2006	Greece	5	0.16652235861859305	0.16652235861859305	0.0629603281426435	0.0629603281426435
2007	Greece	3	-0.12146212094676985	-0.12146212094676985	0.0629603281426435	0.0629603281426435
2008	Greece	3	-0.1337084131235785	-0.1337084131235785	0.0629603281426435	0.0629603281426435
2009	Greece	2	-0.2539015024960279	-0.2539015024960279	0.0629603281426435	0.0629603281426435
2010	Greece	1	-0.3787129560558708	-0.3787129560558708	0.0629603281426435	0.0629603281426435
2011	Greece	4	-0.08281343356492053	-0.08281343356492053	0.0629603281426435	0.0629603281426435
2012	Greece	2	-0.2867443497464654	-0.2867443497464654	0.0629603281426435	0.0629603281426435
2013	Greece	5	-0.06416905582785734	-0.06416905582785734	0.0629603281426435	0.0629603281426435
2014	Greece	6	-0.04576478329346312	-0.04576478329346312	0.0629603281426435	0.0629603281426435
2015	Greece	4	-0.18595055715370698	-0.18595055715370698	0.0629603281426435	0.0629603281426435
2016	Greece	3	-0.2336511139592138	-0.2336511139592138	0.0629603281426435	0.0629603281426435
2017	Greece	3	-0.2211477241982327	-0.2211477241982327	0.0629603281426435	0.0629603281426435
2018	Greece	5	-0.15119466056687614	-0.15119466056687614	0.0629603281426435	0.0629603281426435
2019	Greece	3	-0.23504716811135026	-0.23504716811135026	0.0629603281426435	0.0629603281426435
2020	Greece	7	-0.022878471625452368	-0.022878471625452368	0.0629603281426435	0.0629603281426435
2021	Greece	4	-0.16914805037108313	-0.16914805037108313	0.0629603281426435	0.0629603281426435
2022	Greece	1	-0.2423289489089	-0.2423289489089	0.0629603281426435	0.0629603281426435
2023	Greece	2	-0.21551979182040373	-0.21551979182040373	0.0629603281426435	0.0629603281426435
2024	Greece	3	-0.20401855108436381	-0.20401855108436381	0.0629603281426435	0.0629603281426435
1982	Guatemala	1	NA	NA	-0.20732514756126438	-0.20732514756126438
1995	Guatemala	1	-0.3434130758219238	-0.3434130758219238	-0.20732514756126438	-0.20732514756126438
2008	Guatemala	1	-0.371412258676607	-0.371412258676607	-0.20732514756126438	-0.20732514756126438
2010	Guatemala	1	-0.3787129560558708	-0.3787129560558708	-0.20732514756126438	-0.20732514756126438
2020	Guinea-Bissau	1	-0.23475301320029388	-0.23475301320029388	-0.214437923237683	-0.214437923237683
2021	Guinea-Bissau	1	-0.2537220755566247	-0.2537220755566247	-0.214437923237683	-0.214437923237683
2018	Guyana	1	-0.291788957477772	-0.291788957477772	-0.21799431107589232	-0.21799431107589232
2016	Haiti	1	-0.32711155954289933	-0.32711155954289933	-0.21088153539947369	-0.21088153539947369
2020	Haiti	2	-0.19944058960448696	-0.19944058960448696	-0.21088153539947369	-0.21088153539947369
1996	Honduras	1	-0.2680067419432859	-0.2680067419432859	-0.17176126917917123	-0.17176126917917123
2000	Honduras	1	-0.33292563008131454	-0.33292563008131454	-0.17176126917917123	-0.17176126917917123
2001	Honduras	2	-0.1587558490260165	-0.1587558490260165	-0.17176126917917123	-0.17176126917917123
2002	Honduras	2	-0.19024277071859091	-0.19024277071859091	-0.17176126917917123	-0.17176126917917123
2006	Honduras	2	-0.2103440319392754	-0.2103440319392754	-0.17176126917917123	-0.17176126917917123
2010	Honduras	1	-0.3787129560558708	-0.3787129560558708	-0.17176126917917123	-0.17176126917917123
2012	Honduras	1	-0.35671545901474166	-0.35671545901474166	-0.17176126917917123	-0.17176126917917123
2013	Honduras	3	-0.21672190553182016	-0.21672190553182016	-0.17176126917917123	-0.17176126917917123
2014	Honduras	1	-0.3083496054690713	-0.3083496054690713	-0.17176126917917123	-0.17176126917917123
1997	Hungary	1	-0.24690066923523743	-0.24690066923523743	-0.04373130700363592	-0.04373130700363592
1998	Hungary	1	-0.34728662990224884	-0.34728662990224884	-0.04373130700363592	-0.04373130700363592
2000	Hungary	2	-0.18216685419543627	-0.18216685419543627	-0.04373130700363592	-0.04373130700363592
2003	Hungary	1	-0.34757890113079576	-0.34757890113079576	-0.04373130700363592	-0.04373130700363592
2006	Hungary	3	-0.08472190175331924	-0.08472190175331924	-0.04373130700363592	-0.04373130700363592
2007	Hungary	2	-0.2429242418935397	-0.2429242418935397	-0.04373130700363592	-0.04373130700363592
2008	Hungary	1	-0.371412258676607	-0.371412258676607	-0.04373130700363592	-0.04373130700363592
2009	Hungary	1	-0.3627164321371827	-0.3627164321371827	-0.04373130700363592	-0.04373130700363592
2010	Hungary	2	-0.2927249901881127	-0.2927249901881127	-0.04373130700363592	-0.04373130700363592
2011	Hungary	2	-0.27210128171331033	-0.27210128171331033	-0.04373130700363592	-0.04373130700363592
2012	Hungary	5	-0.07683102194163664	-0.07683102194163664	-0.04373130700363592	-0.04373130700363592
2013	Hungary	1	-0.36927475523578296	-0.36927475523578296	-0.04373130700363592	-0.04373130700363592
2014	Hungary	4	-0.15079871216370638	-0.15079871216370638	-0.04373130700363592	-0.04373130700363592
2015	Hungary	1	-0.3626613350699627	-0.3626613350699627	-0.04373130700363592	-0.04373130700363592
2016	Hungary	1	-0.32711155954289933	-0.32711155954289933	-0.04373130700363592	-0.04373130700363592
2017	Hungary	4	-0.17804864695832154	-0.17804864695832154	-0.04373130700363592	-0.04373130700363592
2018	Hungary	3	-0.22149180902232407	-0.22149180902232407	-0.04373130700363592	-0.04373130700363592
2019	Hungary	2	-0.2632326957649597	-0.2632326957649597	-0.04373130700363592	-0.04373130700363592
2020	Hungary	2	-0.19944058960448696	-0.19944058960448696	-0.04373130700363592	-0.04373130700363592
2021	Hungary	2	-0.22553073382811084	-0.22553073382811084	-0.04373130700363592	-0.04373130700363592
2022	Hungary	4	-0.16701049181559324	-0.16701049181559324	-0.04373130700363592	-0.04373130700363592
2023	Hungary	3	-0.19934803254960864	-0.19934803254960864	-0.04373130700363592	-0.04373130700363592
2024	Hungary	2	-0.22451574196433496	-0.22451574196433496	-0.04373130700363592	-0.04373130700363592
2001	Iceland	1	-0.3937145055845208	-0.3937145055845208	-0.214437923237683	-0.214437923237683
2024	Iceland	1	-0.24501293284430609	-0.24501293284430609	-0.214437923237683	-0.214437923237683
1985	India	1	-0.6390096504226938	-0.6390096504226938	0.6177568309032965	0.6177568309032965
1987	India	1	-0.447213595499958	-0.447213595499958	0.6177568309032965	0.6177568309032965
1988	India	1	-0.45596466975932304	-0.45596466975932304	0.6177568309032965	0.6177568309032965
1993	India	1	-0.3402988771016876	-0.3402988771016876	0.6177568309032965	0.6177568309032965
2000	India	1	-0.33292563008131454	-0.33292563008131454	0.6177568309032965	0.6177568309032965
2001	India	2	-0.1587558490260165	-0.1587558490260165	0.6177568309032965	0.6177568309032965
2002	India	1	-0.35121742286509094	-0.35121742286509094	0.6177568309032965	0.6177568309032965
2003	India	3	-0.02317192674205304	-0.02317192674205304	0.6177568309032965	0.6177568309032965
2004	India	3	-0.1885399888589057	-0.1885399888589057	0.6177568309032965	0.6177568309032965
2006	India	2	-0.2103440319392754	-0.2103440319392754	0.6177568309032965	0.6177568309032965
2007	India	4	0	0	0.6177568309032965	0.6177568309032965
2008	India	3	-0.1337084131235785	-0.1337084131235785	0.6177568309032965	0.6177568309032965
2009	India	1	-0.3627164321371827	-0.3627164321371827	0.6177568309032965	0.6177568309032965
2010	India	6	0.05122687328291976	0.05122687328291976	0.6177568309032965	0.6177568309032965
2011	India	8	0.29576226273185907	0.29576226273185907	0.6177568309032965	0.6177568309032965
2012	India	8	0.1330823058631921	0.1330823058631921	0.6177568309032965	0.6177568309032965
2013	India	9	0.24093664358006828	0.24093664358006828	0.6177568309032965	0.6177568309032965
2014	India	16	0.47940486105775326	0.47940486105775326	0.6177568309032965	0.6177568309032965
2015	India	18	0.6386997397888197	0.6386997397888197	0.6177568309032965	0.6177568309032965
2016	India	16	0.37384178233474213	0.37384178233474213	0.6177568309032965	0.6177568309032965
2017	India	12	0.16674397096096777	0.16674397096096777	0.6177568309032965	0.6177568309032965
2018	India	13	0.1299939332549156	0.1299939332549156	0.6177568309032965	0.6177568309032965
2019	India	19	0.21592127434640102	0.21592127434640102	0.6177568309032965	0.6177568309032965
2020	India	9	0.047746375566161466	0.047746375566161466	0.6177568309032965	0.6177568309032965
2021	India	23	0.3664874424706801	0.3664874424706801	0.6177568309032965	0.6177568309032965
2022	India	17	0.15936948892206937	0.15936948892206937	0.6177568309032965	0.6177568309032965
2023	India	26	0.17260243067867834	0.17260243067867834	0.6177568309032965	0.6177568309032965
2024	India	12	-0.019543833164623634	-0.019543833164623634	0.6177568309032965	0.6177568309032965
2003	Indonesia	1	-0.34757890113079576	-0.34757890113079576	-0.20376875972305505	-0.20376875972305505
2007	Indonesia	1	-0.36438636284030956	-0.36438636284030956	-0.20376875972305505	-0.20376875972305505
2011	Indonesia	1	-0.36674520578750525	-0.36674520578750525	-0.20376875972305505	-0.20376875972305505
2013	Indonesia	1	-0.36927475523578296	-0.36927475523578296	-0.20376875972305505	-0.20376875972305505
2014	Indonesia	1	-0.3083496054690713	-0.3083496054690713	-0.20376875972305505	-0.20376875972305505
2001	Iran	3	0.07620280753248784	0.07620280753248784	-0.029505755650798667	-0.029505755650798667
2002	Iran	3	-0.029268118572090888	-0.029268118572090888	-0.029505755650798667	-0.029505755650798667
2003	Iran	1	-0.34757890113079576	-0.34757890113079576	-0.029505755650798667	-0.029505755650798667
2005	Iran	5	0.359138520014307	0.359138520014307	-0.029505755650798667	-0.029505755650798667
2006	Iran	3	-0.08472190175331924	-0.08472190175331924	-0.029505755650798667	-0.029505755650798667
2007	Iran	2	-0.2429242418935397	-0.2429242418935397	-0.029505755650798667	-0.029505755650798667
2010	Iran	1	-0.3787129560558708	-0.3787129560558708	-0.029505755650798667	-0.029505755650798667
2011	Iran	3	-0.17745735763911544	-0.17745735763911544	-0.029505755650798667	-0.029505755650798667
2012	Iran	4	-0.1468021312099129	-0.1468021312099129	-0.029505755650798667	-0.029505755650798667
2013	Iran	5	-0.06416905582785734	-0.06416905582785734	-0.029505755650798667	-0.029505755650798667
2014	Iran	2	-0.25583264103394965	-0.25583264103394965	-0.029505755650798667	-0.029505755650798667
2015	Iran	2	-0.3037577424312108	-0.3037577424312108	-0.029505755650798667	-0.029505755650798667
2016	Iran	2	-0.2803813367510566	-0.2803813367510566	-0.029505755650798667	-0.029505755650798667
2017	Iran	5	-0.13494956971841038	-0.13494956971841038	-0.029505755650798667	-0.029505755650798667
2018	Iran	4	-0.1863432347946001	-0.1863432347946001	-0.029505755650798667	-0.029505755650798667
2019	Iran	1	-0.29141822341856916	-0.29141822341856916	-0.029505755650798667	-0.029505755650798667
2020	Iran	2	-0.19944058960448696	-0.19944058960448696	-0.029505755650798667	-0.029505755650798667
2021	Iran	2	-0.22553073382811084	-0.22553073382811084	-0.029505755650798667	-0.029505755650798667
2022	Iran	2	-0.2172227965444644	-0.2172227965444644	-0.029505755650798667	-0.029505755650798667
2024	Iran	2	-0.22451574196433496	-0.22451574196433496	-0.029505755650798667	-0.029505755650798667
2013	Iraq	1	-0.36927475523578296	-0.36927475523578296	-0.21088153539947369	-0.21088153539947369
2020	Iraq	1	-0.23475301320029388	-0.23475301320029388	-0.21088153539947369	-0.21088153539947369
2021	Iraq	1	-0.2537220755566247	-0.2537220755566247	-0.21088153539947369	-0.21088153539947369
2020	Ireland	1	-0.23475301320029388	-0.23475301320029388	-0.214437923237683	-0.214437923237683
2023	Ireland	1	-0.23169155109119882	-0.23169155109119882	-0.214437923237683	-0.214437923237683
1996	Israel	1	-0.2680067419432859	-0.2680067419432859	-0.14331016647349673	-0.14331016647349673
1997	Israel	1	-0.24690066923523743	-0.24690066923523743	-0.14331016647349673	-0.14331016647349673
1999	Israel	1	-0.3843619159034929	-0.3843619159034929	-0.14331016647349673	-0.14331016647349673
2000	Israel	1	-0.33292563008131454	-0.33292563008131454	-0.14331016647349673	-0.14331016647349673
2002	Israel	1	-0.35121742286509094	-0.35121742286509094	-0.14331016647349673	-0.14331016647349673
2004	Israel	4	-0.052011031409353335	-0.052011031409353335	-0.14331016647349673	-0.14331016647349673
2005	Israel	1	-0.3178582303574901	-0.3178582303574901	-0.14331016647349673	-0.14331016647349673
2008	Israel	1	-0.371412258676607	-0.371412258676607	-0.14331016647349673	-0.14331016647349673
2013	Israel	3	-0.21672190553182016	-0.21672190553182016	-0.14331016647349673	-0.14331016647349673
2016	Israel	3	-0.2336511139592138	-0.2336511139592138	-0.14331016647349673	-0.14331016647349673
2018	Israel	1	-0.291788957477772	-0.291788957477772	-0.14331016647349673	-0.14331016647349673
2019	Israel	1	-0.29141822341856916	-0.29141822341856916	-0.14331016647349673	-0.14331016647349673
2020	Israel	1	-0.23475301320029388	-0.23475301320029388	-0.14331016647349673	-0.14331016647349673
2022	Israel	1	-0.2423289489089	-0.2423289489089	-0.14331016647349673	-0.14331016647349673
2024	Israel	1	-0.24501293284430609	-0.24501293284430609	-0.14331016647349673	-0.14331016647349673
1995	Italy	2	-0.17806603931507162	-0.17806603931507162	1.314808847192322	1.314808847192322
1996	Italy	1	-0.2680067419432859	-0.2680067419432859	1.314808847192322	1.314808847192322
1997	Italy	2	-0.054009521395208156	-0.054009521395208156	1.314808847192322	1.314808847192322
1998	Italy	3	0.019293701661236024	0.019293701661236024	1.314808847192322	1.314808847192322
1999	Italy	7	0.7451914696088128	0.7451914696088128	1.314808847192322	1.314808847192322
2000	Italy	3	-0.031408078309557996	-0.031408078309557996	1.314808847192322	1.314808847192322
2001	Italy	10	1.7209134034420184	1.7209134034420184	1.314808847192322	1.314808847192322
2002	Italy	10	1.0975544464534093	1.0975544464534093	1.314808847192322	1.314808847192322
2003	Italy	13	1.5988629452016605	1.5988629452016605	1.314808847192322	1.314808847192322
2004	Italy	18	1.8593943728843796	1.8593943728843796	1.314808847192322	1.314808847192322
2005	Italy	10	1.2053844579790536	1.2053844579790536	1.314808847192322	1.314808847192322
2006	Italy	15	1.4227436604781547	1.4227436604781547	1.314808847192322	1.314808847192322
2007	Italy	30	3.1580151446160163	3	1.314808847192322	1.314808847192322
2008	Italy	22	2.124478119630192	2.124478119630192	1.314808847192322	1.314808847192322
2009	Italy	27	2.4664717385328427	2.4664717385328427	1.314808847192322	1.314808847192322
2010	Italy	29	2.028950088241356	2.028950088241356	1.314808847192322	1.314808847192322
2011	Italy	20	1.4314893516221978	1.4314893516221978	1.314808847192322	1.314808847192322
2012	Italy	12	0.41296674293629715	0.41296674293629715	1.314808847192322	1.314808847192322
2013	Italy	14	0.6223187678399752	0.6223187678399752	1.314808847192322	1.314808847192322
2014	Italy	17	0.5319218254928749	0.5319218254928749	1.314808847192322	1.314808847192322
2015	Italy	15	0.4619889618725639	0.4619889618725639	1.314808847192322	1.314808847192322
2016	Italy	18	0.4673022279184276	0.4673022279184276	1.314808847192322	1.314808847192322
2017	Italy	13	0.20984304820087893	0.20984304820087893	1.314808847192322	1.314808847192322
2018	Italy	25	0.5517768239876032	0.5517768239876032	1.314808847192322	1.314808847192322
2019	Italy	22	0.30047785730722937	0.30047785730722937	1.314808847192322	1.314808847192322
2020	Italy	18	0.3655581879284237	0.3655581879284237	1.314808847192322	1.314808847192322
2021	Italy	19	0.2537220755566247	0.2537220755566247	1.314808847192322	1.314808847192322
2022	Italy	12	0.033838727099891434	0.033838727099891434	1.314808847192322	1.314808847192322
2023	Italy	15	-0.00528692130006762	-0.00528692130006762	1.314808847192322	1.314808847192322
2024	Italy	10	-0.0605382149245659	-0.0605382149245659	1.314808847192322	1.314808847192322
2006	Jamaica	1	-0.33596616212523156	-0.33596616212523156	-0.21088153539947369	-0.21088153539947369
2008	Jamaica	1	-0.371412258676607	-0.371412258676607	-0.21088153539947369	-0.21088153539947369
2024	Jamaica	1	-0.24501293284430609	-0.24501293284430609	-0.21088153539947369	-0.21088153539947369
2002	Japan	1	-0.35121742286509094	-0.35121742286509094	-0.09352073673856633	-0.09352073673856633
2006	Japan	1	-0.33596616212523156	-0.33596616212523156	-0.09352073673856633	-0.09352073673856633
2007	Japan	1	-0.36438636284030956	-0.36438636284030956	-0.09352073673856633	-0.09352073673856633
2009	Japan	3	-0.14508657285487306	-0.14508657285487306	-0.09352073673856633	-0.09352073673856633
2010	Japan	1	-0.3787129560558708	-0.3787129560558708	-0.09352073673856633	-0.09352073673856633
2012	Japan	1	-0.35671545901474166	-0.35671545901474166	-0.09352073673856633	-0.09352073673856633
2014	Japan	2	-0.25583264103394965	-0.25583264103394965	-0.09352073673856633	-0.09352073673856633
2015	Japan	3	-0.2448541497924589	-0.2448541497924589	-0.09352073673856633	-0.09352073673856633
2016	Japan	3	-0.2336511139592138	-0.2336511139592138	-0.09352073673856633	-0.09352073673856633
2017	Japan	4	-0.17804864695832154	-0.17804864695832154	-0.09352073673856633	-0.09352073673856633
2018	Japan	1	-0.291788957477772	-0.291788957477772	-0.09352073673856633	-0.09352073673856633
2019	Japan	3	-0.23504716811135026	-0.23504716811135026	-0.09352073673856633	-0.09352073673856633
2020	Japan	1	-0.23475301320029388	-0.23475301320029388	-0.09352073673856633	-0.09352073673856633
2021	Japan	5	-0.14095670864256926	-0.14095670864256926	-0.09352073673856633	-0.09352073673856633
2022	Japan	3	-0.19211664418002883	-0.19211664418002883	-0.09352073673856633	-0.09352073673856633
2023	Japan	2	-0.21551979182040373	-0.21551979182040373	-0.09352073673856633	-0.09352073673856633
2024	Japan	1	-0.24501293284430609	-0.24501293284430609	-0.09352073673856633	-0.09352073673856633
2005	Jordan	1	-0.3178582303574901	-0.3178582303574901	-0.15753571782633397	-0.15753571782633397
2013	Jordan	1	-0.36927475523578296	-0.36927475523578296	-0.15753571782633397	-0.15753571782633397
2014	Jordan	1	-0.3083496054690713	-0.3083496054690713	-0.15753571782633397	-0.15753571782633397
2015	Jordan	1	-0.3626613350699627	-0.3626613350699627	-0.15753571782633397	-0.15753571782633397
2016	Jordan	1	-0.32711155954289933	-0.32711155954289933	-0.15753571782633397	-0.15753571782633397
2019	Jordan	2	-0.2632326957649597	-0.2632326957649597	-0.15753571782633397	-0.15753571782633397
2020	Jordan	5	-0.09350331881706621	-0.09350331881706621	-0.15753571782633397	-0.15753571782633397
2021	Jordan	2	-0.22553073382811084	-0.22553073382811084	-0.15753571782633397	-0.15753571782633397
2023	Jordan	2	-0.21551979182040373	-0.21551979182040373	-0.15753571782633397	-0.15753571782633397
2024	Jordan	2	-0.22451574196433496	-0.22451574196433496	-0.15753571782633397	-0.15753571782633397
2016	Kazakhstan	1	-0.32711155954289933	-0.32711155954289933	-0.19309959620842712	-0.19309959620842712
2019	Kazakhstan	1	-0.29141822341856916	-0.29141822341856916	-0.19309959620842712	-0.19309959620842712
2020	Kazakhstan	2	-0.19944058960448696	-0.19944058960448696	-0.19309959620842712	-0.19309959620842712
2021	Kazakhstan	3	-0.19733939209959697	-0.19733939209959697	-0.19309959620842712	-0.19309959620842712
2023	Kazakhstan	1	-0.23169155109119882	-0.23169155109119882	-0.19309959620842712	-0.19309959620842712
1999	Kenya	2	-0.1961030183181086	-0.1961030183181086	-0.17176126917917123	-0.17176126917917123
2001	Kenya	1	-0.3937145055845208	-0.3937145055845208	-0.17176126917917123	-0.17176126917917123
2006	Kenya	1	-0.33596616212523156	-0.33596616212523156	-0.17176126917917123	-0.17176126917917123
2012	Kenya	2	-0.2867443497464654	-0.2867443497464654	-0.17176126917917123	-0.17176126917917123
2014	Kenya	1	-0.3083496054690713	-0.3083496054690713	-0.17176126917917123	-0.17176126917917123
2015	Kenya	1	-0.3626613350699627	-0.3626613350699627	-0.17176126917917123	-0.17176126917917123
2016	Kenya	2	-0.2803813367510566	-0.2803813367510566	-0.17176126917917123	-0.17176126917917123
2018	Kenya	2	-0.256640383250048	-0.256640383250048	-0.17176126917917123	-0.17176126917917123
2019	Kenya	2	-0.2632326957649597	-0.2632326957649597	-0.17176126917917123	-0.17176126917917123
2016	Kuwait	1	-0.32711155954289933	-0.32711155954289933	-0.21799431107589232	-0.21799431107589232
2022	Kyrgyzstan	1	-0.2423289489089	-0.2423289489089	-0.21799431107589232	-0.21799431107589232
2014	Lao PDR	1	-0.3083496054690713	-0.3083496054690713	-0.214437923237683	-0.214437923237683
2018	Lao PDR	1	-0.291788957477772	-0.291788957477772	-0.214437923237683	-0.214437923237683
2022	Latvia	1	-0.2423289489089	-0.2423289489089	-0.21799431107589232	-0.21799431107589232
1996	Lebanon	1	-0.2680067419432859	-0.2680067419432859	-0.17176126917917123	-0.17176126917917123
1997	Lebanon	1	-0.24690066923523743	-0.24690066923523743	-0.17176126917917123	-0.17176126917917123
2001	Lebanon	2	-0.1587558490260165	-0.1587558490260165	-0.17176126917917123	-0.17176126917917123
2002	Lebanon	1	-0.35121742286509094	-0.35121742286509094	-0.17176126917917123	-0.17176126917917123
2005	Lebanon	1	-0.3178582303574901	-0.3178582303574901	-0.17176126917917123	-0.17176126917917123
2006	Lebanon	3	-0.08472190175331924	-0.08472190175331924	-0.17176126917917123	-0.17176126917917123
2012	Lebanon	3	-0.21677324047818916	-0.21677324047818916	-0.17176126917917123	-0.17176126917917123
2013	Lebanon	1	-0.36927475523578296	-0.36927475523578296	-0.17176126917917123	-0.17176126917917123
2017	Lebanon	1	-0.307345878678055	-0.307345878678055	-0.17176126917917123	-0.17176126917917123
2015	Libya	1	-0.3626613350699627	-0.3626613350699627	-0.21799431107589232	-0.21799431107589232
1998	Lithuania	1	-0.34728662990224884	-0.34728662990224884	-0.1895432083702178	-0.1895432083702178
2000	Lithuania	1	-0.33292563008131454	-0.33292563008131454	-0.1895432083702178	-0.1895432083702178
2001	Lithuania	1	-0.3937145055845208	-0.3937145055845208	-0.1895432083702178	-0.1895432083702178
2005	Lithuania	1	-0.3178582303574901	-0.3178582303574901	-0.1895432083702178	-0.1895432083702178
2009	Lithuania	1	-0.3627164321371827	-0.3627164321371827	-0.1895432083702178	-0.1895432083702178
2016	Lithuania	1	-0.32711155954289933	-0.32711155954289933	-0.1895432083702178	-0.1895432083702178
2017	Lithuania	1	-0.307345878678055	-0.307345878678055	-0.1895432083702178	-0.1895432083702178
2018	Lithuania	1	-0.291788957477772	-0.291788957477772	-0.1895432083702178	-0.1895432083702178
2024	Lithuania	1	-0.24501293284430609	-0.24501293284430609	-0.1895432083702178	-0.1895432083702178
2008	Luxembourg	1	-0.371412258676607	-0.371412258676607	-0.20732514756126438	-0.20732514756126438
2009	Luxembourg	3	-0.14508657285487306	-0.14508657285487306	-0.20732514756126438	-0.20732514756126438
2014	Macedonia	2	-0.25583264103394965	-0.25583264103394965	-0.20732514756126438	-0.20732514756126438
2020	Macedonia	2	-0.19944058960448696	-0.19944058960448696	-0.20732514756126438	-0.20732514756126438
2021	Madagascar	1	-0.2537220755566247	-0.2537220755566247	-0.21088153539947369	-0.21088153539947369
2023	Madagascar	2	-0.21551979182040373	-0.21551979182040373	-0.21088153539947369	-0.21088153539947369
1993	Malawi	1	-0.3402988771016876	-0.3402988771016876	-0.20376875972305505	-0.20376875972305505
1996	Malawi	1	-0.2680067419432859	-0.2680067419432859	-0.20376875972305505	-0.20376875972305505
1997	Malawi	1	-0.24690066923523743	-0.24690066923523743	-0.20376875972305505	-0.20376875972305505
2015	Malawi	2	-0.3037577424312108	-0.3037577424312108	-0.20376875972305505	-0.20376875972305505
2009	Malaysia	1	-0.3627164321371827	-0.3627164321371827	0.04162200111338762	0.04162200111338762
2010	Malaysia	1	-0.3787129560558708	-0.3787129560558708	0.04162200111338762	0.04162200111338762
2011	Malaysia	3	-0.17745735763911544	-0.17745735763911544	0.04162200111338762	0.04162200111338762
2012	Malaysia	4	-0.1468021312099129	-0.1468021312099129	0.04162200111338762	0.04162200111338762
2013	Malaysia	10	0.31721306843204966	0.31721306843204966	0.04162200111338762	0.04162200111338762
2014	Malaysia	1	-0.3083496054690713	-0.3083496054690713	0.04162200111338762	0.04162200111338762
2015	Malaysia	1	-0.3626613350699627	-0.3626613350699627	0.04162200111338762	0.04162200111338762
2016	Malaysia	3	-0.2336511139592138	-0.2336511139592138	0.04162200111338762	0.04162200111338762
2017	Malaysia	2	-0.2642468014381439	-0.2642468014381439	0.04162200111338762	0.04162200111338762
2018	Malaysia	1	-0.291788957477772	-0.291788957477772	0.04162200111338762	0.04162200111338762
2019	Malaysia	7	-0.12230505749691244	-0.12230505749691244	0.04162200111338762	0.04162200111338762
2020	Malaysia	1	-0.23475301320029388	-0.23475301320029388	0.04162200111338762	0.04162200111338762
2021	Malaysia	10	0	0	0.04162200111338762	0.04162200111338762
2022	Malaysia	9	-0.04147972999341532	-0.04147972999341532	0.04162200111338762	0.04162200111338762
2023	Malaysia	16	0.010884837970727467	0.010884837970727467	0.04162200111338762	0.04162200111338762
2024	Malaysia	4	-0.1835213602043927	-0.1835213602043927	0.04162200111338762	0.04162200111338762
2008	Mali	1	-0.371412258676607	-0.371412258676607	-0.20021237188484575	-0.20021237188484575
2010	Mali	2	-0.2927249901881127	-0.2927249901881127	-0.20021237188484575	-0.20021237188484575
2013	Mali	1	-0.36927475523578296	-0.36927475523578296	-0.20021237188484575	-0.20021237188484575
2020	Mali	1	-0.23475301320029388	-0.23475301320029388	-0.20021237188484575	-0.20021237188484575
2022	Mali	1	-0.2423289489089	-0.2423289489089	-0.20021237188484575	-0.20021237188484575
1993	Mexico	2	-0.13921317699614497	-0.13921317699614497	0.5466290741391102	0.5466290741391102
1994	Mexico	3	-0.16990198276519503	-0.16990198276519503	0.5466290741391102	0.5466290741391102
1996	Mexico	1	-0.2680067419432859	-0.2680067419432859	0.5466290741391102	0.5466290741391102
1997	Mexico	1	-0.24690066923523743	-0.24690066923523743	0.5466290741391102	0.5466290741391102
1998	Mexico	2	-0.16399646412050642	-0.16399646412050642	0.5466290741391102	0.5466290741391102
1999	Mexico	3	-0.007844120732724317	-0.007844120732724317	0.5466290741391102	0.5466290741391102
2000	Mexico	3	-0.031408078309557996	-0.031408078309557996	0.5466290741391102	0.5466290741391102
2001	Mexico	1	-0.3937145055845208	-0.3937145055845208	0.5466290741391102	0.5466290741391102
2002	Mexico	2	-0.19024277071859091	-0.19024277071859091	0.5466290741391102	0.5466290741391102
2003	Mexico	3	-0.02317192674205304	-0.02317192674205304	0.5466290741391102	0.5466290741391102
2005	Mexico	1	-0.3178582303574901	-0.3178582303574901	0.5466290741391102	0.5466290741391102
2006	Mexico	8	0.5433887491764615	0.5433887491764615	0.5466290741391102	0.5466290741391102
2007	Mexico	8	0.4858484837870794	0.4858484837870794	0.5466290741391102	0.5466290741391102
2008	Mexico	3	-0.1337084131235785	-0.1337084131235785	0.5466290741391102	0.5466290741391102
2009	Mexico	7	0.2901731457097462	0.2901731457097462	0.5466290741391102	0.5466290741391102
2010	Mexico	7	0.13721483915067786	0.13721483915067786	0.5466290741391102	0.5466290741391102
2011	Mexico	6	0.10647441458346926	0.10647441458346926	0.5466290741391102	0.5466290741391102
2012	Mexico	7	0.06311119659491586	0.06311119659491586	0.5466290741391102	0.5466290741391102
2013	Mexico	8	0.16466021872808687	0.16466021872808687	0.5466290741391102	0.5466290741391102
2014	Mexico	9	0.1117861100119018	0.1117861100119018	0.5466290741391102	0.5466290741391102
2015	Mexico	7	-0.009239779237451298	-0.009239779237451298	0.5466290741391102	0.5466290741391102
2016	Mexico	13	0.2336511139592138	0.2336511139592138	0.5466290741391102	0.5466290741391102
2017	Mexico	10	0.08054581648114545	0.08054581648114545	0.5466290741391102	0.5466290741391102
2018	Mexico	11	0.05969678479946766	0.05969678479946766	0.5466290741391102	0.5466290741391102
2019	Mexico	15	0.1031791637319632	0.1031791637319632	0.5466290741391102	0.5466290741391102
2020	Mexico	10	0.08305879916196839	0.08305879916196839	0.5466290741391102	0.5466290741391102
2021	Mexico	14	0.11276536691405542	0.11276536691405542	0.5466290741391102	0.5466290741391102
2022	Mexico	13	0.05894487946432702	0.05894487946432702	0.5466290741391102	0.5466290741391102
2023	Mexico	25	0.15643067140788325	0.15643067140788325	0.5466290741391102	0.5466290741391102
2024	Mexico	13	9.533577153474962e-4	9.533577153474962e-4	0.5466290741391102	0.5466290741391102
2011	Montenegro	1	-0.36674520578750525	-0.36674520578750525	-0.1646484935027526	-0.1646484935027526
2012	Montenegro	2	-0.2867443497464654	-0.2867443497464654	-0.1646484935027526	-0.1646484935027526
2013	Montenegro	2	-0.2929983303838016	-0.2929983303838016	-0.1646484935027526	-0.1646484935027526
2014	Montenegro	2	-0.25583264103394965	-0.25583264103394965	-0.1646484935027526	-0.1646484935027526
2016	Montenegro	2	-0.2803813367510566	-0.2803813367510566	-0.1646484935027526	-0.1646484935027526
2017	Montenegro	1	-0.307345878678055	-0.307345878678055	-0.1646484935027526	-0.1646484935027526
2019	Montenegro	1	-0.29141822341856916	-0.29141822341856916	-0.1646484935027526	-0.1646484935027526
2020	Montenegro	1	-0.23475301320029388	-0.23475301320029388	-0.1646484935027526	-0.1646484935027526
2021	Montenegro	1	-0.2537220755566247	-0.2537220755566247	-0.1646484935027526	-0.1646484935027526
2022	Montenegro	1	-0.2423289489089	-0.2423289489089	-0.1646484935027526	-0.1646484935027526
2023	Montenegro	1	-0.23169155109119882	-0.23169155109119882	-0.1646484935027526	-0.1646484935027526
2024	Montenegro	1	-0.24501293284430609	-0.24501293284430609	-0.1646484935027526	-0.1646484935027526
1994	Morocco	1	-0.40515088197854193	-0.40515088197854193	-0.15753571782633397	-0.15753571782633397
1997	Morocco	1	-0.24690066923523743	-0.24690066923523743	-0.15753571782633397	-0.15753571782633397
1999	Morocco	2	-0.1961030183181086	-0.1961030183181086	-0.15753571782633397	-0.15753571782633397
2000	Morocco	1	-0.33292563008131454	-0.33292563008131454	-0.15753571782633397	-0.15753571782633397
2004	Morocco	1	-0.46159790375801035	-0.46159790375801035	-0.15753571782633397	-0.15753571782633397
2005	Morocco	1	-0.3178582303574901	-0.3178582303574901	-0.15753571782633397	-0.15753571782633397
2008	Morocco	1	-0.371412258676607	-0.371412258676607	-0.15753571782633397	-0.15753571782633397
2012	Morocco	1	-0.35671545901474166	-0.35671545901474166	-0.15753571782633397	-0.15753571782633397
2014	Morocco	1	-0.3083496054690713	-0.3083496054690713	-0.15753571782633397	-0.15753571782633397
2016	Morocco	1	-0.32711155954289933	-0.32711155954289933	-0.15753571782633397	-0.15753571782633397
2017	Morocco	1	-0.307345878678055	-0.307345878678055	-0.15753571782633397	-0.15753571782633397
2018	Morocco	2	-0.256640383250048	-0.256640383250048	-0.15753571782633397	-0.15753571782633397
2019	Morocco	1	-0.29141822341856916	-0.29141822341856916	-0.15753571782633397	-0.15753571782633397
2020	Morocco	1	-0.23475301320029388	-0.23475301320029388	-0.15753571782633397	-0.15753571782633397
2021	Morocco	1	-0.2537220755566247	-0.2537220755566247	-0.15753571782633397	-0.15753571782633397
2023	Morocco	1	-0.23169155109119882	-0.23169155109119882	-0.15753571782633397	-0.15753571782633397
1997	Mozambique	1	-0.24690066923523743	-0.24690066923523743	-0.21088153539947369	-0.21088153539947369
2003	Mozambique	1	-0.34757890113079576	-0.34757890113079576	-0.21088153539947369	-0.21088153539947369
2010	Mozambique	1	-0.3787129560558708	-0.3787129560558708	-0.21088153539947369	-0.21088153539947369
2007	Myanmar	1	-0.36438636284030956	-0.36438636284030956	-0.214437923237683	-0.214437923237683
2020	Myanmar	1	-0.23475301320029388	-0.23475301320029388	-0.214437923237683	-0.214437923237683
1989	Nepal	1	-0.5	-0.5	-0.19309959620842712	-0.19309959620842712
1998	Nepal	1	-0.34728662990224884	-0.34728662990224884	-0.19309959620842712	-0.19309959620842712
2009	Nepal	1	-0.3627164321371827	-0.3627164321371827	-0.19309959620842712	-0.19309959620842712
2010	Nepal	1	-0.3787129560558708	-0.3787129560558708	-0.19309959620842712	-0.19309959620842712
2013	Nepal	1	-0.36927475523578296	-0.36927475523578296	-0.19309959620842712	-0.19309959620842712
2016	Nepal	1	-0.32711155954289933	-0.32711155954289933	-0.19309959620842712	-0.19309959620842712
2022	Nepal	2	-0.2172227965444644	-0.2172227965444644	-0.19309959620842712	-0.19309959620842712
2005	Netherlands	1	-0.3178582303574901	-0.3178582303574901	-0.15753571782633397	-0.15753571782633397
2007	Netherlands	1	-0.36438636284030956	-0.36438636284030956	-0.15753571782633397	-0.15753571782633397
2009	Netherlands	1	-0.3627164321371827	-0.3627164321371827	-0.15753571782633397	-0.15753571782633397
2010	Netherlands	2	-0.2927249901881127	-0.2927249901881127	-0.15753571782633397	-0.15753571782633397
2012	Netherlands	1	-0.35671545901474166	-0.35671545901474166	-0.15753571782633397	-0.15753571782633397
2014	Netherlands	1	-0.3083496054690713	-0.3083496054690713	-0.15753571782633397	-0.15753571782633397
2016	Netherlands	4	-0.18692089116737107	-0.18692089116737107	-0.15753571782633397	-0.15753571782633397
2017	Netherlands	2	-0.2642468014381439	-0.2642468014381439	-0.15753571782633397	-0.15753571782633397
2018	Netherlands	1	-0.291788957477772	-0.291788957477772	-0.15753571782633397	-0.15753571782633397
2019	Netherlands	1	-0.29141822341856916	-0.29141822341856916	-0.15753571782633397	-0.15753571782633397
2021	Netherlands	1	-0.2537220755566247	-0.2537220755566247	-0.15753571782633397	-0.15753571782633397
2022	Netherlands	1	-0.2423289489089	-0.2423289489089	-0.15753571782633397	-0.15753571782633397
2023	Netherlands	1	-0.23169155109119882	-0.23169155109119882	-0.15753571782633397	-0.15753571782633397
2007	New Caledonia	1	-0.36438636284030956	-0.36438636284030956	-0.214437923237683	-0.214437923237683
2020	New Caledonia	1	-0.23475301320029388	-0.23475301320029388	-0.214437923237683	-0.214437923237683
1996	New Zealand	1	-0.2680067419432859	-0.2680067419432859	-0.10774628809140357	-0.10774628809140357
2001	New Zealand	1	-0.3937145055845208	-0.3937145055845208	-0.10774628809140357	-0.10774628809140357
2007	New Zealand	2	-0.2429242418935397	-0.2429242418935397	-0.10774628809140357	-0.10774628809140357
2008	New Zealand	4	-0.01485649034706428	-0.01485649034706428	-0.10774628809140357	-0.10774628809140357
2009	New Zealand	2	-0.2539015024960279	-0.2539015024960279	-0.10774628809140357	-0.10774628809140357
2010	New Zealand	4	-0.12074905845259647	-0.12074905845259647	-0.10774628809140357	-0.10774628809140357
2011	New Zealand	2	-0.27210128171331033	-0.27210128171331033	-0.10774628809140357	-0.10774628809140357
2012	New Zealand	1	-0.35671545901474166	-0.35671545901474166	-0.10774628809140357	-0.10774628809140357
2013	New Zealand	2	-0.2929983303838016	-0.2929983303838016	-0.10774628809140357	-0.10774628809140357
2014	New Zealand	1	-0.3083496054690713	-0.3083496054690713	-0.10774628809140357	-0.10774628809140357
2015	New Zealand	1	-0.3626613350699627	-0.3626613350699627	-0.10774628809140357	-0.10774628809140357
2016	New Zealand	1	-0.32711155954289933	-0.32711155954289933	-0.10774628809140357	-0.10774628809140357
2017	New Zealand	2	-0.2642468014381439	-0.2642468014381439	-0.10774628809140357	-0.10774628809140357
2018	New Zealand	1	-0.291788957477772	-0.291788957477772	-0.10774628809140357	-0.10774628809140357
2019	New Zealand	1	-0.29141822341856916	-0.29141822341856916	-0.10774628809140357	-0.10774628809140357
2020	New Zealand	1	-0.23475301320029388	-0.23475301320029388	-0.10774628809140357	-0.10774628809140357
2021	New Zealand	2	-0.22553073382811084	-0.22553073382811084	-0.10774628809140357	-0.10774628809140357
2022	New Zealand	1	-0.2423289489089	-0.2423289489089	-0.10774628809140357	-0.10774628809140357
2023	New Zealand	1	-0.23169155109119882	-0.23169155109119882	-0.10774628809140357	-0.10774628809140357
2024	New Zealand	1	-0.24501293284430609	-0.24501293284430609	-0.10774628809140357	-0.10774628809140357
1990	Nicaragua	1	-0.6488856845230502	-0.6488856845230502	-0.20732514756126438	-0.20732514756126438
2006	Nicaragua	1	-0.33596616212523156	-0.33596616212523156	-0.20732514756126438	-0.20732514756126438
2013	Nicaragua	2	-0.2929983303838016	-0.2929983303838016	-0.20732514756126438	-0.20732514756126438
1990	Niger	1	-0.6488856845230502	-0.6488856845230502	-0.21799431107589232	-0.21799431107589232
1991	Nigeria	1	-0.5	-0.5	-0.14686655431170603	-0.14686655431170603
1997	Nigeria	1	-0.24690066923523743	-0.24690066923523743	-0.14686655431170603	-0.14686655431170603
1999	Nigeria	1	-0.3843619159034929	-0.3843619159034929	-0.14686655431170603	-0.14686655431170603
2001	Nigeria	1	-0.3937145055845208	-0.3937145055845208	-0.14686655431170603	-0.14686655431170603
2002	Nigeria	1	-0.35121742286509094	-0.35121742286509094	-0.14686655431170603	-0.14686655431170603
2008	Nigeria	1	-0.371412258676607	-0.371412258676607	-0.14686655431170603	-0.14686655431170603
2011	Nigeria	1	-0.36674520578750525	-0.36674520578750525	-0.14686655431170603	-0.14686655431170603
2013	Nigeria	1	-0.36927475523578296	-0.36927475523578296	-0.14686655431170603	-0.14686655431170603
2014	Nigeria	1	-0.3083496054690713	-0.3083496054690713	-0.14686655431170603	-0.14686655431170603
2015	Nigeria	1	-0.3626613350699627	-0.3626613350699627	-0.14686655431170603	-0.14686655431170603
2016	Nigeria	1	-0.32711155954289933	-0.32711155954289933	-0.14686655431170603	-0.14686655431170603
2017	Nigeria	1	-0.307345878678055	-0.307345878678055	-0.14686655431170603	-0.14686655431170603
2018	Nigeria	5	-0.15119466056687614	-0.15119466056687614	-0.14686655431170603	-0.14686655431170603
2020	Nigeria	1	-0.23475301320029388	-0.23475301320029388	-0.14686655431170603	-0.14686655431170603
2023	Nigeria	3	-0.19934803254960864	-0.19934803254960864	-0.14686655431170603	-0.14686655431170603
2001	Norway	2	-0.1587558490260165	-0.1587558490260165	-0.16820488134096193	-0.16820488134096193
2006	Norway	2	-0.2103440319392754	-0.2103440319392754	-0.16820488134096193	-0.16820488134096193
2008	Norway	1	-0.371412258676607	-0.371412258676607	-0.16820488134096193	-0.16820488134096193
2011	Norway	3	-0.17745735763911544	-0.17745735763911544	-0.16820488134096193	-0.16820488134096193
2012	Norway	1	-0.35671545901474166	-0.35671545901474166	-0.16820488134096193	-0.16820488134096193
2014	Norway	1	-0.3083496054690713	-0.3083496054690713	-0.16820488134096193	-0.16820488134096193
2015	Norway	1	-0.3626613350699627	-0.3626613350699627	-0.16820488134096193	-0.16820488134096193
2017	Norway	1	-0.307345878678055	-0.307345878678055	-0.16820488134096193	-0.16820488134096193
2018	Norway	1	-0.291788957477772	-0.291788957477772	-0.16820488134096193	-0.16820488134096193
2021	Norway	1	-0.2537220755566247	-0.2537220755566247	-0.16820488134096193	-0.16820488134096193
2022	Norway	1	-0.2423289489089	-0.2423289489089	-0.16820488134096193	-0.16820488134096193
2001	Oman	1	-0.3937145055845208	-0.3937145055845208	-0.15753571782633397	-0.15753571782633397
2005	Oman	2	-0.14860904276454082	-0.14860904276454082	-0.15753571782633397	-0.15753571782633397
2006	Oman	3	-0.08472190175331924	-0.08472190175331924	-0.15753571782633397	-0.15753571782633397
2007	Oman	2	-0.2429242418935397	-0.2429242418935397	-0.15753571782633397	-0.15753571782633397
2008	Oman	1	-0.371412258676607	-0.371412258676607	-0.15753571782633397	-0.15753571782633397
2011	Oman	1	-0.36674520578750525	-0.36674520578750525	-0.15753571782633397	-0.15753571782633397
2013	Oman	2	-0.2929983303838016	-0.2929983303838016	-0.15753571782633397	-0.15753571782633397
2015	Oman	2	-0.3037577424312108	-0.3037577424312108	-0.15753571782633397	-0.15753571782633397
2017	Oman	1	-0.307345878678055	-0.307345878678055	-0.15753571782633397	-0.15753571782633397
2020	Oman	1	-0.23475301320029388	-0.23475301320029388	-0.15753571782633397	-0.15753571782633397
2021	Oman	1	-0.2537220755566247	-0.2537220755566247	-0.15753571782633397	-0.15753571782633397
2022	Oman	1	-0.2423289489089	-0.2423289489089	-0.15753571782633397	-0.15753571782633397
1991	Pakistan	1	-0.5	-0.5	0.27634359843520234	0.27634359843520234
1993	Pakistan	1	-0.3402988771016876	-0.3402988771016876	0.27634359843520234	0.27634359843520234
1996	Pakistan	1	-0.2680067419432859	-0.2680067419432859	0.27634359843520234	0.27634359843520234
1997	Pakistan	1	-0.24690066923523743	-0.24690066923523743	0.27634359843520234	0.27634359843520234
2001	Pakistan	1	-0.3937145055845208	-0.3937145055845208	0.27634359843520234	0.27634359843520234
2006	Pakistan	1	-0.33596616212523156	-0.33596616212523156	0.27634359843520234	0.27634359843520234
2009	Pakistan	2	-0.2539015024960279	-0.2539015024960279	0.27634359843520234	0.27634359843520234
2010	Pakistan	1	-0.3787129560558708	-0.3787129560558708	0.27634359843520234	0.27634359843520234
2011	Pakistan	1	-0.36674520578750525	-0.36674520578750525	0.27634359843520234	0.27634359843520234
2013	Pakistan	1	-0.36927475523578296	-0.36927475523578296	0.27634359843520234	0.27634359843520234
2014	Pakistan	6	-0.04576478329346312	-0.04576478329346312	0.27634359843520234	0.27634359843520234
2015	Pakistan	4	-0.18595055715370698	-0.18595055715370698	0.27634359843520234	0.27634359843520234
2016	Pakistan	12	0.18692089116737107	0.18692089116737107	0.27634359843520234	0.27634359843520234
2017	Pakistan	32	1.0287255157591912	1.0287255157591912	0.27634359843520234	0.27634359843520234
2018	Pakistan	21	0.4111825270767073	0.4111825270767073	0.27634359843520234	0.27634359843520234
2019	Pakistan	19	0.21592127434640102	0.21592127434640102	0.27634359843520234	0.27634359843520234
2020	Pakistan	12	0.15368364635358223	0.15368364635358223	0.27634359843520234	0.27634359843520234
2021	Pakistan	10	0	0	0.27634359843520234	0.27634359843520234
2022	Pakistan	6	-0.11679818708672207	-0.11679818708672207	0.27634359843520234	0.27634359843520234
2023	Pakistan	4	-0.18317627327881356	-0.18317627327881356	0.27634359843520234	0.27634359843520234
2024	Pakistan	3	-0.20401855108436381	-0.20401855108436381	0.27634359843520234	0.27634359843520234
2010	Palestine	1	-0.3787129560558708	-0.3787129560558708	-0.214437923237683	-0.214437923237683
2012	Palestine	1	-0.35671545901474166	-0.35671545901474166	-0.214437923237683	-0.214437923237683
2000	Panama	1	-0.33292563008131454	-0.33292563008131454	-0.20732514756126438	-0.20732514756126438
2001	Panama	1	-0.3937145055845208	-0.3937145055845208	-0.20732514756126438	-0.20732514756126438
2006	Panama	1	-0.33596616212523156	-0.33596616212523156	-0.20732514756126438	-0.20732514756126438
2009	Panama	1	-0.3627164321371827	-0.3627164321371827	-0.20732514756126438	-0.20732514756126438
1994	Papua New Guinea	1	-0.40515088197854193	-0.40515088197854193	-0.214437923237683	-0.214437923237683
2020	Papua New Guinea	1	-0.23475301320029388	-0.23475301320029388	-0.214437923237683	-0.214437923237683
2007	Paraguay	1	-0.36438636284030956	-0.36438636284030956	-0.1895432083702178	-0.1895432083702178
2011	Paraguay	1	-0.36674520578750525	-0.36674520578750525	-0.1895432083702178	-0.1895432083702178
2016	Paraguay	1	-0.32711155954289933	-0.32711155954289933	-0.1895432083702178	-0.1895432083702178
2018	Paraguay	1	-0.291788957477772	-0.291788957477772	-0.1895432083702178	-0.1895432083702178
2019	Paraguay	1	-0.29141822341856916	-0.29141822341856916	-0.1895432083702178	-0.1895432083702178
2021	Paraguay	1	-0.2537220755566247	-0.2537220755566247	-0.1895432083702178	-0.1895432083702178
2023	Paraguay	3	-0.19934803254960864	-0.19934803254960864	-0.1895432083702178	-0.1895432083702178
2000	Peru	1	-0.33292563008131454	-0.33292563008131454	-0.15042294214991533	-0.15042294214991533
2003	Peru	1	-0.34757890113079576	-0.34757890113079576	-0.15042294214991533	-0.15042294214991533
2006	Peru	3	-0.08472190175331924	-0.08472190175331924	-0.15042294214991533	-0.15042294214991533
2008	Peru	2	-0.25256033590009275	-0.25256033590009275	-0.15042294214991533	-0.15042294214991533
2009	Peru	2	-0.2539015024960279	-0.2539015024960279	-0.15042294214991533	-0.15042294214991533
2017	Peru	2	-0.2642468014381439	-0.2642468014381439	-0.15042294214991533	-0.15042294214991533
2018	Peru	1	-0.291788957477772	-0.291788957477772	-0.15042294214991533	-0.15042294214991533
2020	Peru	1	-0.23475301320029388	-0.23475301320029388	-0.15042294214991533	-0.15042294214991533
2021	Peru	1	-0.2537220755566247	-0.2537220755566247	-0.15042294214991533	-0.15042294214991533
2022	Peru	1	-0.2423289489089	-0.2423289489089	-0.15042294214991533	-0.15042294214991533
2023	Peru	3	-0.19934803254960864	-0.19934803254960864	-0.15042294214991533	-0.15042294214991533
2024	Peru	2	-0.22451574196433496	-0.22451574196433496	-0.15042294214991533	-0.15042294214991533
2011	Philippines	1	-0.36674520578750525	-0.36674520578750525	-0.214437923237683	-0.214437923237683
2018	Philippines	1	-0.291788957477772	-0.291788957477772	-0.214437923237683	-0.214437923237683
1998	Poland	1	-0.34728662990224884	-0.34728662990224884	-0.01528020429796141	-0.01528020429796141
2003	Poland	1	-0.34757890113079576	-0.34757890113079576	-0.01528020429796141	-0.01528020429796141
2004	Poland	4	-0.052011031409353335	-0.052011031409353335	-0.01528020429796141	-0.01528020429796141
2005	Poland	1	-0.3178582303574901	-0.3178582303574901	-0.01528020429796141	-0.01528020429796141
2006	Poland	2	-0.2103440319392754	-0.2103440319392754	-0.01528020429796141	-0.01528020429796141
2007	Poland	3	-0.12146212094676985	-0.12146212094676985	-0.01528020429796141	-0.01528020429796141
2008	Poland	3	-0.1337084131235785	-0.1337084131235785	-0.01528020429796141	-0.01528020429796141
2009	Poland	1	-0.3627164321371827	-0.3627164321371827	-0.01528020429796141	-0.01528020429796141
2010	Poland	2	-0.2927249901881127	-0.2927249901881127	-0.01528020429796141	-0.01528020429796141
2011	Poland	2	-0.27210128171331033	-0.27210128171331033	-0.01528020429796141	-0.01528020429796141
2012	Poland	1	-0.35671545901474166	-0.35671545901474166	-0.01528020429796141	-0.01528020429796141
2013	Poland	3	-0.21672190553182016	-0.21672190553182016	-0.01528020429796141	-0.01528020429796141
2014	Poland	3	-0.20331567659882802	-0.20331567659882802	-0.01528020429796141	-0.01528020429796141
2015	Poland	6	-0.06814337187620319	-0.06814337187620319	-0.01528020429796141	-0.01528020429796141
2016	Poland	4	-0.18692089116737107	-0.18692089116737107	-0.01528020429796141	-0.01528020429796141
2017	Poland	2	-0.2642468014381439	-0.2642468014381439	-0.01528020429796141	-0.01528020429796141
2018	Poland	6	-0.11604608633915216	-0.11604608633915216	-0.01528020429796141	-0.01528020429796141
2019	Poland	8	-0.09411952984330298	-0.09411952984330298	-0.01528020429796141	-0.01528020429796141
2020	Poland	2	-0.19944058960448696	-0.19944058960448696	-0.01528020429796141	-0.01528020429796141
2021	Poland	2	-0.22553073382811084	-0.22553073382811084	-0.01528020429796141	-0.01528020429796141
2023	Poland	1	-0.23169155109119882	-0.23169155109119882	-0.01528020429796141	-0.01528020429796141
1996	Portugal	1	-0.2680067419432859	-0.2680067419432859	-0.14686655431170603	-0.14686655431170603
1997	Portugal	1	-0.24690066923523743	-0.24690066923523743	-0.14686655431170603	-0.14686655431170603
2009	Portugal	1	-0.3627164321371827	-0.3627164321371827	-0.14686655431170603	-0.14686655431170603
2010	Portugal	2	-0.2927249901881127	-0.2927249901881127	-0.14686655431170603	-0.14686655431170603
2013	Portugal	1	-0.36927475523578296	-0.36927475523578296	-0.14686655431170603	-0.14686655431170603
2015	Portugal	1	-0.3626613350699627	-0.3626613350699627	-0.14686655431170603	-0.14686655431170603
2016	Portugal	1	-0.32711155954289933	-0.32711155954289933	-0.14686655431170603	-0.14686655431170603
2018	Portugal	2	-0.256640383250048	-0.256640383250048	-0.14686655431170603	-0.14686655431170603
2019	Portugal	3	-0.23504716811135026	-0.23504716811135026	-0.14686655431170603	-0.14686655431170603
2020	Portugal	3	-0.16412816600868005	-0.16412816600868005	-0.14686655431170603	-0.14686655431170603
2022	Portugal	1	-0.2423289489089	-0.2423289489089	-0.14686655431170603	-0.14686655431170603
2023	Portugal	2	-0.21551979182040373	-0.21551979182040373	-0.14686655431170603	-0.14686655431170603
2024	Portugal	2	-0.22451574196433496	-0.22451574196433496	-0.14686655431170603	-0.14686655431170603
1993	Puerto Rico	1	-0.3402988771016876	-0.3402988771016876	-0.13264100295886877	-0.13264100295886877
1995	Puerto Rico	1	-0.3434130758219238	-0.3434130758219238	-0.13264100295886877	-0.13264100295886877
1999	Puerto Rico	2	-0.1961030183181086	-0.1961030183181086	-0.13264100295886877	-0.13264100295886877
2001	Puerto Rico	2	-0.1587558490260165	-0.1587558490260165	-0.13264100295886877	-0.13264100295886877
2006	Puerto Rico	2	-0.2103440319392754	-0.2103440319392754	-0.13264100295886877	-0.13264100295886877
2007	Puerto Rico	1	-0.36438636284030956	-0.36438636284030956	-0.13264100295886877	-0.13264100295886877
2011	Puerto Rico	1	-0.36674520578750525	-0.36674520578750525	-0.13264100295886877	-0.13264100295886877
2012	Puerto Rico	1	-0.35671545901474166	-0.35671545901474166	-0.13264100295886877	-0.13264100295886877
2013	Puerto Rico	3	-0.21672190553182016	-0.21672190553182016	-0.13264100295886877	-0.13264100295886877
2014	Puerto Rico	3	-0.20331567659882802	-0.20331567659882802	-0.13264100295886877	-0.13264100295886877
2016	Puerto Rico	1	-0.32711155954289933	-0.32711155954289933	-0.13264100295886877	-0.13264100295886877
2020	Puerto Rico	2	-0.19944058960448696	-0.19944058960448696	-0.13264100295886877	-0.13264100295886877
2021	Puerto Rico	1	-0.2537220755566247	-0.2537220755566247	-0.13264100295886877	-0.13264100295886877
2022	Puerto Rico	1	-0.2423289489089	-0.2423289489089	-0.13264100295886877	-0.13264100295886877
2023	Puerto Rico	3	-0.19934803254960864	-0.19934803254960864	-0.13264100295886877	-0.13264100295886877
2014	Qatar	1	-0.3083496054690713	-0.3083496054690713	-0.21799431107589232	-0.21799431107589232
2000	Republic of Korea	1	-0.33292563008131454	-0.33292563008131454	1.506853790455625	1.506853790455625
2001	Republic of Korea	2	-0.1587558490260165	-0.1587558490260165	1.506853790455625	1.506853790455625
2003	Republic of Korea	1	-0.34757890113079576	-0.34757890113079576	1.506853790455625	1.506853790455625
2005	Republic of Korea	1	-0.3178582303574901	-0.3178582303574901	1.506853790455625	1.506853790455625
2007	Republic of Korea	1	-0.36438636284030956	-0.36438636284030956	1.506853790455625	1.506853790455625
2008	Republic of Korea	5	0.10399543242944996	0.10399543242944996	1.506853790455625	1.506853790455625
2009	Republic of Korea	3	-0.14508657285487306	-0.14508657285487306	1.506853790455625	1.506853790455625
2010	Republic of Korea	3	-0.20673702432035457	-0.20673702432035457	1.506853790455625	1.506853790455625
2011	Republic of Korea	9	0.39040618680605393	0.39040618680605393	1.506853790455625	1.506853790455625
2012	Republic of Korea	21	1.0427067263507834	1.0427067263507834	1.506853790455625	1.506853790455625
2013	Republic of Korea	35	2.224123689731585	2.224123689731585	1.506853790455625	1.506853790455625
2014	Republic of Korea	38	1.6347780786304291	1.6347780786304291	1.506853790455625	1.506853790455625
2015	Republic of Korea	34	1.58115722200885	1.58115722200885	1.506853790455625	1.506853790455625
2016	Republic of Korea	47	1.8224786888818678	1.8224786888818678	1.506853790455625	1.506853790455625
2017	Republic of Korea	46	1.6321125971179475	1.6321125971179475	1.506853790455625	1.506853790455625
2018	Republic of Korea	44	1.2195997343143585	1.2195997343143585	1.506853790455625	1.506853790455625
2019	Republic of Korea	42	0.8641884103794184	0.8641884103794184	1.506853790455625	1.506853790455625
2020	Republic of Korea	27	0.683370000290686	0.683370000290686	1.506853790455625	1.506853790455625
2021	Republic of Korea	33	0.6484008597558186	0.6484008597558186	1.506853790455625	1.506853790455625
2022	Republic of Korea	21	0.2597940983798117	0.2597940983798117	1.506853790455625	1.506853790455625
2023	Republic of Korea	43	0.4475223382821948	0.4475223382821948	1.506853790455625	1.506853790455625
2024	Republic of Korea	29	0.3289084117948856	0.3289084117948856	1.506853790455625	1.506853790455625
2021	Reunion island	1	-0.2537220755566247	-0.2537220755566247	-0.21799431107589232	-0.21799431107589232
2021	Romania	1	-0.2537220755566247	-0.2537220755566247	-0.21799431107589232	-0.21799431107589232
1993	Russian Federation	1	-0.3402988771016876	-0.3402988771016876	-0.12552822728245014	-0.12552822728245014
2002	Russian Federation	1	-0.35121742286509094	-0.35121742286509094	-0.12552822728245014	-0.12552822728245014
2008	Russian Federation	3	-0.1337084131235785	-0.1337084131235785	-0.12552822728245014	-0.12552822728245014
2009	Russian Federation	2	-0.2539015024960279	-0.2539015024960279	-0.12552822728245014	-0.12552822728245014
2010	Russian Federation	1	-0.3787129560558708	-0.3787129560558708	-0.12552822728245014	-0.12552822728245014
2016	Russian Federation	4	-0.18692089116737107	-0.18692089116737107	-0.12552822728245014	-0.12552822728245014
2017	Russian Federation	1	-0.307345878678055	-0.307345878678055	-0.12552822728245014	-0.12552822728245014
2018	Russian Federation	2	-0.256640383250048	-0.256640383250048	-0.12552822728245014	-0.12552822728245014
2019	Russian Federation	5	-0.17867611280413134	-0.17867611280413134	-0.12552822728245014	-0.12552822728245014
2020	Russian Federation	2	-0.19944058960448696	-0.19944058960448696	-0.12552822728245014	-0.12552822728245014
2021	Russian Federation	2	-0.22553073382811084	-0.22553073382811084	-0.12552822728245014	-0.12552822728245014
2023	Russian Federation	3	-0.19934803254960864	-0.19934803254960864	-0.12552822728245014	-0.12552822728245014
2020	Rwanda	1	-0.23475301320029388	-0.23475301320029388	-0.21799431107589232	-0.21799431107589232
1997	Saudi Arabia	1	-0.24690066923523743	-0.24690066923523743	-0.14331016647349673	-0.14331016647349673
2007	Saudi Arabia	1	-0.36438636284030956	-0.36438636284030956	-0.14331016647349673	-0.14331016647349673
2009	Saudi Arabia	1	-0.3627164321371827	-0.3627164321371827	-0.14331016647349673	-0.14331016647349673
2010	Saudi Arabia	1	-0.3787129560558708	-0.3787129560558708	-0.14331016647349673	-0.14331016647349673
2012	Saudi Arabia	1	-0.35671545901474166	-0.35671545901474166	-0.14331016647349673	-0.14331016647349673
2014	Saudi Arabia	3	-0.20331567659882802	-0.20331567659882802	-0.14331016647349673	-0.14331016647349673
2015	Saudi Arabia	2	-0.3037577424312108	-0.3037577424312108	-0.14331016647349673	-0.14331016647349673
2016	Saudi Arabia	2	-0.2803813367510566	-0.2803813367510566	-0.14331016647349673	-0.14331016647349673
2017	Saudi Arabia	1	-0.307345878678055	-0.307345878678055	-0.14331016647349673	-0.14331016647349673
2021	Saudi Arabia	3	-0.19733939209959697	-0.19733939209959697	-0.14331016647349673	-0.14331016647349673
2022	Saudi Arabia	1	-0.2423289489089	-0.2423289489089	-0.14331016647349673	-0.14331016647349673
2023	Saudi Arabia	3	-0.19934803254960864	-0.19934803254960864	-0.14331016647349673	-0.14331016647349673
2024	Saudi Arabia	2	-0.22451574196433496	-0.22451574196433496	-0.14331016647349673	-0.14331016647349673
2007	Senegal	1	-0.36438636284030956	-0.36438636284030956	-0.21088153539947369	-0.21088153539947369
2011	Senegal	1	-0.36674520578750525	-0.36674520578750525	-0.21088153539947369	-0.21088153539947369
2012	Senegal	1	-0.35671545901474166	-0.35671545901474166	-0.21088153539947369	-0.21088153539947369
2002	Serbia	1	-0.35121742286509094	-0.35121742286509094	0.14831363625966704	0.14831363625966704
2003	Serbia	1	-0.34757890113079576	-0.34757890113079576	0.14831363625966704	0.14831363625966704
2005	Serbia	1	-0.3178582303574901	-0.3178582303574901	0.14831363625966704	0.14831363625966704
2006	Serbia	1	-0.33596616212523156	-0.33596616212523156	0.14831363625966704	0.14831363625966704
2008	Serbia	1	-0.371412258676607	-0.371412258676607	0.14831363625966704	0.14831363625966704
2010	Serbia	1	-0.3787129560558708	-0.3787129560558708	0.14831363625966704	0.14831363625966704
2011	Serbia	3	-0.17745735763911544	-0.17745735763911544	0.14831363625966704	0.14831363625966704
2012	Serbia	8	0.1330823058631921	0.1330823058631921	0.14831363625966704	0.14831363625966704
2013	Serbia	11	0.3934894932840311	0.3934894932840311	0.14831363625966704	0.14831363625966704
2014	Serbia	14	0.37437093218750994	0.37437093218750994	0.14831363625966704	0.14831363625966704
2015	Serbia	20	0.7565069250663234	0.7565069250663234	0.14831363625966704	0.14831363625966704
2016	Serbia	6	-0.09346044558368553	-0.09346044558368553	0.14831363625966704	0.14831363625966704
2017	Serbia	8	-0.00565233799867688	-0.00565233799867688	0.14831363625966704	0.14831363625966704
2018	Serbia	1	-0.291788957477772	-0.291788957477772	0.14831363625966704	0.14831363625966704
2019	Serbia	2	-0.2632326957649597	-0.2632326957649597	0.14831363625966704	0.14831363625966704
2020	Serbia	6	-0.05819089522125929	-0.05819089522125929	0.14831363625966704	0.14831363625966704
2021	Serbia	3	-0.19733939209959697	-0.19733939209959697	0.14831363625966704	0.14831363625966704
2022	Serbia	8	-0.0665858823578509	-0.0665858823578509	0.14831363625966704	0.14831363625966704
2023	Serbia	4	-0.18317627327881356	-0.18317627327881356	0.14831363625966704	0.14831363625966704
2024	Serbia	4	-0.1835213602043927	-0.1835213602043927	0.14831363625966704	0.14831363625966704
2008	Slovakia	1	-0.371412258676607	-0.371412258676607	-0.21088153539947369	-0.21088153539947369
2019	Slovakia	1	-0.29141822341856916	-0.29141822341856916	-0.21088153539947369	-0.21088153539947369
2020	Slovakia	1	-0.23475301320029388	-0.23475301320029388	-0.21088153539947369	-0.21088153539947369
2001	Slovenia	1	-0.3937145055845208	-0.3937145055845208	-0.11130267592961289	-0.11130267592961289
2003	Slovenia	2	-0.1853754139364244	-0.1853754139364244	-0.11130267592961289	-0.11130267592961289
2004	Slovenia	1	-0.46159790375801035	-0.46159790375801035	-0.11130267592961289	-0.11130267592961289
2005	Slovenia	1	-0.3178582303574901	-0.3178582303574901	-0.11130267592961289	-0.11130267592961289
2007	Slovenia	1	-0.36438636284030956	-0.36438636284030956	-0.11130267592961289	-0.11130267592961289
2010	Slovenia	2	-0.2927249901881127	-0.2927249901881127	-0.11130267592961289	-0.11130267592961289
2011	Slovenia	1	-0.36674520578750525	-0.36674520578750525	-0.11130267592961289	-0.11130267592961289
2012	Slovenia	4	-0.1468021312099129	-0.1468021312099129	-0.11130267592961289	-0.11130267592961289
2014	Slovenia	4	-0.15079871216370638	-0.15079871216370638	-0.11130267592961289	-0.11130267592961289
2015	Slovenia	2	-0.3037577424312108	-0.3037577424312108	-0.11130267592961289	-0.11130267592961289
2017	Slovenia	2	-0.2642468014381439	-0.2642468014381439	-0.11130267592961289	-0.11130267592961289
2018	Slovenia	2	-0.256640383250048	-0.256640383250048	-0.11130267592961289	-0.11130267592961289
2019	Slovenia	2	-0.2632326957649597	-0.2632326957649597	-0.11130267592961289	-0.11130267592961289
2020	Slovenia	1	-0.23475301320029388	-0.23475301320029388	-0.11130267592961289	-0.11130267592961289
2022	Slovenia	3	-0.19211664418002883	-0.19211664418002883	-0.11130267592961289	-0.11130267592961289
2024	Slovenia	2	-0.22451574196433496	-0.22451574196433496	-0.11130267592961289	-0.11130267592961289
2008	Somalia	1	-0.371412258676607	-0.371412258676607	-0.21799431107589232	-0.21799431107589232
1984	South Africa	1	-0.7071067811865475	-0.7071067811865475	0.1376444727450391	0.1376444727450391
1985	South Africa	3	0.2738612787525831	0.2738612787525831	0.1376444727450391	0.1376444727450391
1988	South Africa	1	-0.45596466975932304	-0.45596466975932304	0.1376444727450391	0.1376444727450391
1990	South Africa	1	-0.6488856845230502	-0.6488856845230502	0.1376444727450391	0.1376444727450391
1992	South Africa	2	-0.26665244558212114	-0.26665244558212114	0.1376444727450391	0.1376444727450391
1994	South Africa	2	-0.2875264323718685	-0.2875264323718685	0.1376444727450391	0.1376444727450391
1995	South Africa	1	-0.3434130758219238	-0.3434130758219238	0.1376444727450391	0.1376444727450391
1996	South Africa	1	-0.2680067419432859	-0.2680067419432859	0.1376444727450391	0.1376444727450391
1997	South Africa	2	-0.054009521395208156	-0.054009521395208156	0.1376444727450391	0.1376444727450391
1998	South Africa	4	0.20258386744297846	0.20258386744297846	0.1376444727450391	0.1376444727450391
1999	South Africa	2	-0.1961030183181086	-0.1961030183181086	0.1376444727450391	0.1376444727450391
2000	South Africa	4	0.11935069757632027	0.11935069757632027	0.1376444727450391	0.1376444727450391
2001	South Africa	4	0.31116146409099216	0.31116146409099216	0.1376444727450391	0.1376444727450391
2002	South Africa	2	-0.19024277071859091	-0.19024277071859091	0.1376444727450391	0.1376444727450391
2003	South Africa	2	-0.1853754139364244	-0.1853754139364244	0.1376444727450391	0.1376444727450391
2004	South Africa	2	-0.325068946308458	-0.325068946308458	0.1376444727450391	0.1376444727450391
2005	South Africa	2	-0.14860904276454082	-0.14860904276454082	0.1376444727450391	0.1376444727450391
2006	South Africa	4	0.0409002284326369	0.0409002284326369	0.1376444727450391	0.1376444727450391
2007	South Africa	4	0	0	0.1376444727450391	0.1376444727450391
2008	South Africa	3	-0.1337084131235785	-0.1337084131235785	0.1376444727450391	0.1376444727450391
2009	South Africa	1	-0.3627164321371827	-0.3627164321371827	0.1376444727450391	0.1376444727450391
2010	South Africa	5	-0.03476109258483835	-0.03476109258483835	0.1376444727450391	0.1376444727450391
2011	South Africa	3	-0.17745735763911544	-0.17745735763911544	0.1376444727450391	0.1376444727450391
2013	South Africa	2	-0.2929983303838016	-0.2929983303838016	0.1376444727450391	0.1376444727450391
2014	South Africa	5	-0.09828174772858475	-0.09828174772858475	0.1376444727450391	0.1376444727450391
2015	South Africa	4	-0.18595055715370698	-0.18595055715370698	0.1376444727450391	0.1376444727450391
2016	South Africa	6	-0.09346044558368553	-0.09346044558368553	0.1376444727450391	0.1376444727450391
2017	South Africa	5	-0.13494956971841038	-0.13494956971841038	0.1376444727450391	0.1376444727450391
2018	South Africa	6	-0.11604608633915216	-0.11604608633915216	0.1376444727450391	0.1376444727450391
2019	South Africa	5	-0.17867611280413134	-0.17867611280413134	0.1376444727450391	0.1376444727450391
2020	South Africa	1	-0.23475301320029388	-0.23475301320029388	0.1376444727450391	0.1376444727450391
2021	South Africa	1	-0.2537220755566247	-0.2537220755566247	0.1376444727450391	0.1376444727450391
2022	South Africa	2	-0.2172227965444644	-0.2172227965444644	0.1376444727450391	0.1376444727450391
2023	South Africa	6	-0.1508327547372234	-0.1508327547372234	0.1376444727450391	0.1376444727450391
2024	South Africa	2	-0.22451574196433496	-0.22451574196433496	0.1376444727450391	0.1376444727450391
1987	Spain	1	-0.447213595499958	-0.447213595499958	0.589305728197622	0.589305728197622
1992	Spain	1	-0.5866353802806664	-0.5866353802806664	0.589305728197622	0.589305728197622
1993	Spain	4	0.26295822321494033	0.26295822321494033	0.589305728197622	0.589305728197622
1994	Spain	3	-0.16990198276519503	-0.16990198276519503	0.589305728197622	0.589305728197622
1995	Spain	4	0.15262803369863276	0.15262803369863276	0.589305728197622	0.589305728197622
1996	Spain	1	-0.2680067419432859	-0.2680067419432859	0.589305728197622	0.589305728197622
1997	Spain	3	0.1388816264448211	0.1388816264448211	0.589305728197622	0.589305728197622
1998	Spain	1	-0.34728662990224884	-0.34728662990224884	0.589305728197622	0.589305728197622
1999	Spain	2	-0.1961030183181086	-0.1961030183181086	0.589305728197622	0.589305728197622
2000	Spain	3	-0.031408078309557996	-0.031408078309557996	0.589305728197622	0.589305728197622
2001	Spain	7	1.0160374337665052	1.0160374337665052	0.589305728197622	0.589305728197622
2002	Spain	12	1.4195037507464094	1.4195037507464094	0.589305728197622	0.589305728197622
2003	Spain	6	0.463438534841061	0.463438534841061	0.589305728197622	0.589305728197622
2004	Spain	3	-0.1885399888589057	-0.1885399888589057	0.589305728197622	0.589305728197622
2005	Spain	7	0.6976368952002057	0.6976368952002057	0.589305728197622	0.589305728197622
2006	Spain	5	0.16652235861859305	0.16652235861859305	0.589305728197622	0.589305728197622
2007	Spain	10	0.7287727256806191	0.7287727256806191	0.589305728197622	0.589305728197622
2008	Spain	16	1.4113665829711066	1.4113665829711066	0.589305728197622	0.589305728197622
2009	Spain	10	0.6166179346332107	0.6166179346332107	0.589305728197622	0.589305728197622
2010	Spain	10	0.3951787367539522	0.3951787367539522	0.589305728197622	0.589305728197622
2011	Spain	11	0.5796940349544437	0.5796940349544437	0.589305728197622	0.589305728197622
2012	Spain	7	0.06311119659491586	0.06311119659491586	0.589305728197622	0.589305728197622
2013	Spain	10	0.31721306843204966	0.31721306843204966	0.589305728197622	0.589305728197622
2014	Spain	10	0.1643030744470234	0.1643030744470234	0.589305728197622	0.589305728197622
2015	Spain	4	-0.18595055715370698	-0.18595055715370698	0.589305728197622	0.589305728197622
2016	Spain	11	0.1401906683755283	0.1401906683755283	0.589305728197622	0.589305728197622
2017	Spain	8	-0.00565233799867688	-0.00565233799867688	0.589305728197622	0.589305728197622
2018	Spain	12	0.09484535902719163	0.09484535902719163	0.589305728197622	0.589305728197622
2019	Spain	16	0.13136469138557266	0.13136469138557266	0.589305728197622	0.589305728197622
2020	Spain	7	-0.022878471625452368	-0.022878471625452368	0.589305728197622	0.589305728197622
2021	Spain	8	-0.05638268345702771	-0.05638268345702771	0.589305728197622	0.589305728197622
2022	Spain	5	-0.14190433945115766	-0.14190433945115766	0.589305728197622	0.589305728197622
2023	Spain	6	-0.1508327547372234	-0.1508327547372234	0.589305728197622	0.589305728197622
2024	Spain	4	-0.1835213602043927	-0.1835213602043927	0.589305728197622	0.589305728197622
1988	Sri Lanka	1	-0.45596466975932304	-0.45596466975932304	-0.19309959620842712	-0.19309959620842712
1997	Sri Lanka	1	-0.24690066923523743	-0.24690066923523743	-0.19309959620842712	-0.19309959620842712
1999	Sri Lanka	1	-0.3843619159034929	-0.3843619159034929	-0.19309959620842712	-0.19309959620842712
2005	Sri Lanka	1	-0.3178582303574901	-0.3178582303574901	-0.19309959620842712	-0.19309959620842712
2011	Sri Lanka	1	-0.36674520578750525	-0.36674520578750525	-0.19309959620842712	-0.19309959620842712
2013	Sri Lanka	1	-0.36927475523578296	-0.36927475523578296	-0.19309959620842712	-0.19309959620842712
2017	Sri Lanka	2	-0.2642468014381439	-0.2642468014381439	-0.19309959620842712	-0.19309959620842712
1982	Sudan	1	NA	NA	-0.17887404485558986	-0.17887404485558986
1995	Sudan	1	-0.3434130758219238	-0.3434130758219238	-0.17887404485558986	-0.17887404485558986
2011	Sudan	2	-0.27210128171331033	-0.27210128171331033	-0.17887404485558986	-0.17887404485558986
2012	Sudan	1	-0.35671545901474166	-0.35671545901474166	-0.17887404485558986	-0.17887404485558986
2013	Sudan	1	-0.36927475523578296	-0.36927475523578296	-0.17887404485558986	-0.17887404485558986
2014	Sudan	1	-0.3083496054690713	-0.3083496054690713	-0.17887404485558986	-0.17887404485558986
2017	Sudan	3	-0.2211477241982327	-0.2211477241982327	-0.17887404485558986	-0.17887404485558986
2018	Sudan	2	-0.256640383250048	-0.256640383250048	-0.17887404485558986	-0.17887404485558986
2003	Sweden	1	-0.34757890113079576	-0.34757890113079576	-0.19665598404663642	-0.19665598404663642
2005	Sweden	1	-0.3178582303574901	-0.3178582303574901	-0.19665598404663642	-0.19665598404663642
2006	Sweden	1	-0.33596616212523156	-0.33596616212523156	-0.19665598404663642	-0.19665598404663642
2012	Sweden	1	-0.35671545901474166	-0.35671545901474166	-0.19665598404663642	-0.19665598404663642
2016	Sweden	2	-0.2803813367510566	-0.2803813367510566	-0.19665598404663642	-0.19665598404663642
2023	Sweden	1	-0.23169155109119882	-0.23169155109119882	-0.19665598404663642	-0.19665598404663642
2000	Switzerland	1	-0.33292563008131454	-0.33292563008131454	-0.17176126917917123	-0.17176126917917123
2002	Switzerland	1	-0.35121742286509094	-0.35121742286509094	-0.17176126917917123	-0.17176126917917123
2005	Switzerland	1	-0.3178582303574901	-0.3178582303574901	-0.17176126917917123	-0.17176126917917123
2006	Switzerland	1	-0.33596616212523156	-0.33596616212523156	-0.17176126917917123	-0.17176126917917123
2008	Switzerland	1	-0.371412258676607	-0.371412258676607	-0.17176126917917123	-0.17176126917917123
2010	Switzerland	1	-0.3787129560558708	-0.3787129560558708	-0.17176126917917123	-0.17176126917917123
2012	Switzerland	1	-0.35671545901474166	-0.35671545901474166	-0.17176126917917123	-0.17176126917917123
2014	Switzerland	1	-0.3083496054690713	-0.3083496054690713	-0.17176126917917123	-0.17176126917917123
2015	Switzerland	2	-0.3037577424312108	-0.3037577424312108	-0.17176126917917123	-0.17176126917917123
2016	Switzerland	1	-0.32711155954289933	-0.32711155954289933	-0.17176126917917123	-0.17176126917917123
2017	Switzerland	1	-0.307345878678055	-0.307345878678055	-0.17176126917917123	-0.17176126917917123
2018	Switzerland	1	-0.291788957477772	-0.291788957477772	-0.17176126917917123	-0.17176126917917123
2019	Switzerland	1	-0.29141822341856916	-0.29141822341856916	-0.17176126917917123	-0.17176126917917123
1999	Syria	1	-0.3843619159034929	-0.3843619159034929	-0.1895432083702178	-0.1895432083702178
2004	Syria	1	-0.46159790375801035	-0.46159790375801035	-0.1895432083702178	-0.1895432083702178
2008	Syria	2	-0.25256033590009275	-0.25256033590009275	-0.1895432083702178	-0.1895432083702178
2009	Syria	1	-0.3627164321371827	-0.3627164321371827	-0.1895432083702178	-0.1895432083702178
2011	Syria	1	-0.36674520578750525	-0.36674520578750525	-0.1895432083702178	-0.1895432083702178
2013	Syria	1	-0.36927475523578296	-0.36927475523578296	-0.1895432083702178	-0.1895432083702178
2019	Syria	1	-0.29141822341856916	-0.29141822341856916	-0.1895432083702178	-0.1895432083702178
2022	Syria	1	-0.2423289489089	-0.2423289489089	-0.1895432083702178	-0.1895432083702178
1997	Taiwan	1	-0.24690066923523743	-0.24690066923523743	0.3723660700668538	0.3723660700668538
2001	Taiwan	2	-0.1587558490260165	-0.1587558490260165	0.3723660700668538	0.3723660700668538
2002	Taiwan	3	-0.029268118572090888	-0.029268118572090888	0.3723660700668538	0.3723660700668538
2003	Taiwan	4	0.13903156045231832	0.13903156045231832	0.3723660700668538	0.3723660700668538
2004	Taiwan	2	-0.325068946308458	-0.325068946308458	0.3723660700668538	0.3723660700668538
2005	Taiwan	2	-0.14860904276454082	-0.14860904276454082	0.3723660700668538	0.3723660700668538
2006	Taiwan	4	0.0409002284326369	0.0409002284326369	0.3723660700668538	0.3723660700668538
2007	Taiwan	6	0.2429242418935397	0.2429242418935397	0.3723660700668538	0.3723660700668538
2008	Taiwan	7	0.34169927798247846	0.34169927798247846	0.3723660700668538	0.3723660700668538
2009	Taiwan	6	0.1813582160685914	0.1813582160685914	0.3723660700668538	0.3723660700668538
2010	Taiwan	13	0.6531426343572265	0.6531426343572265	0.3723660700668538	0.3723660700668538
2011	Taiwan	9	0.39040618680605393	0.39040618680605393	0.3723660700668538	0.3723660700668538
2012	Taiwan	10	0.2730245243997446	0.2730245243997446	0.3723660700668538	0.3723660700668538
2013	Taiwan	8	0.16466021872808687	0.16466021872808687	0.3723660700668538	0.3723660700668538
2014	Taiwan	4	-0.15079871216370638	-0.15079871216370638	0.3723660700668538	0.3723660700668538
2015	Taiwan	4	-0.18595055715370698	-0.18595055715370698	0.3723660700668538	0.3723660700668538
2016	Taiwan	3	-0.2336511139592138	-0.2336511139592138	0.3723660700668538	0.3723660700668538
2017	Taiwan	3	-0.2211477241982327	-0.2211477241982327	0.3723660700668538	0.3723660700668538
2018	Taiwan	5	-0.15119466056687614	-0.15119466056687614	0.3723660700668538	0.3723660700668538
2019	Taiwan	10	-0.03774847453608407	-0.03774847453608407	0.3723660700668538	0.3723660700668538
2020	Taiwan	10	0.08305879916196839	0.08305879916196839	0.3723660700668538	0.3723660700668538
2021	Taiwan	13	0.08457402518554157	0.08457402518554157	0.3723660700668538	0.3723660700668538
2022	Taiwan	11	0.00873257473545585	0.00873257473545585	0.3723660700668538	0.3723660700668538
2023	Taiwan	20	0.0755718750539078	0.0755718750539078	0.3723660700668538	0.3723660700668538
2024	Taiwan	7	-0.1220297875644793	-0.1220297875644793	0.3723660700668538	0.3723660700668538
2012	Tajikistan	1	-0.35671545901474166	-0.35671545901474166	-0.21799431107589232	-0.21799431107589232
1987	Tanzania	1	-0.447213595499958	-0.447213595499958	-0.18243043269379916	-0.18243043269379916
2002	Tanzania	1	-0.35121742286509094	-0.35121742286509094	-0.18243043269379916	-0.18243043269379916
2007	Tanzania	1	-0.36438636284030956	-0.36438636284030956	-0.18243043269379916	-0.18243043269379916
2011	Tanzania	2	-0.27210128171331033	-0.27210128171331033	-0.18243043269379916	-0.18243043269379916
2013	Tanzania	1	-0.36927475523578296	-0.36927475523578296	-0.18243043269379916	-0.18243043269379916
2014	Tanzania	1	-0.3083496054690713	-0.3083496054690713	-0.18243043269379916	-0.18243043269379916
2015	Tanzania	3	-0.2448541497924589	-0.2448541497924589	-0.18243043269379916	-0.18243043269379916
2022	Tanzania	1	-0.2423289489089	-0.2423289489089	-0.18243043269379916	-0.18243043269379916
1993	Thailand	1	-0.3402988771016876	-0.3402988771016876	-0.15042294214991533	-0.15042294214991533
1996	Thailand	1	-0.2680067419432859	-0.2680067419432859	-0.15042294214991533	-0.15042294214991533
2001	Thailand	1	-0.3937145055845208	-0.3937145055845208	-0.15042294214991533	-0.15042294214991533
2007	Thailand	1	-0.36438636284030956	-0.36438636284030956	-0.15042294214991533	-0.15042294214991533
2013	Thailand	1	-0.36927475523578296	-0.36927475523578296	-0.15042294214991533	-0.15042294214991533
2017	Thailand	3	-0.2211477241982327	-0.2211477241982327	-0.15042294214991533	-0.15042294214991533
2018	Thailand	2	-0.256640383250048	-0.256640383250048	-0.15042294214991533	-0.15042294214991533
2020	Thailand	3	-0.16412816600868005	-0.16412816600868005	-0.15042294214991533	-0.15042294214991533
2022	Thailand	2	-0.2172227965444644	-0.2172227965444644	-0.15042294214991533	-0.15042294214991533
2023	Thailand	2	-0.21551979182040373	-0.21551979182040373	-0.15042294214991533	-0.15042294214991533
2024	Thailand	3	-0.20401855108436381	-0.20401855108436381	-0.15042294214991533	-0.15042294214991533
2015	Togo	1	-0.3626613350699627	-0.3626613350699627	-0.20376875972305505	-0.20376875972305505
2017	Togo	2	-0.2642468014381439	-0.2642468014381439	-0.20376875972305505	-0.20376875972305505
2021	Togo	2	-0.22553073382811084	-0.22553073382811084	-0.20376875972305505	-0.20376875972305505
1993	Trinidad and Tobago	1	-0.3402988771016876	-0.3402988771016876	-0.18243043269379916	-0.18243043269379916
2008	Trinidad and Tobago	1	-0.371412258676607	-0.371412258676607	-0.18243043269379916	-0.18243043269379916
2009	Trinidad and Tobago	1	-0.3627164321371827	-0.3627164321371827	-0.18243043269379916	-0.18243043269379916
2010	Trinidad and Tobago	2	-0.2927249901881127	-0.2927249901881127	-0.18243043269379916	-0.18243043269379916
2011	Trinidad and Tobago	1	-0.36674520578750525	-0.36674520578750525	-0.18243043269379916	-0.18243043269379916
2016	Trinidad and Tobago	2	-0.2803813367510566	-0.2803813367510566	-0.18243043269379916	-0.18243043269379916
2017	Trinidad and Tobago	1	-0.307345878678055	-0.307345878678055	-0.18243043269379916	-0.18243043269379916
2018	Trinidad and Tobago	1	-0.291788957477772	-0.291788957477772	-0.18243043269379916	-0.18243043269379916
2024	Trinidad and Tobago	1	-0.24501293284430609	-0.24501293284430609	-0.18243043269379916	-0.18243043269379916
1994	Tunisia	1	-0.40515088197854193	-0.40515088197854193	-0.11130267592961289	-0.11130267592961289
2004	Tunisia	1	-0.46159790375801035	-0.46159790375801035	-0.11130267592961289	-0.11130267592961289
2005	Tunisia	3	0.02064014482840847	0.02064014482840847	-0.11130267592961289	-0.11130267592961289
2006	Tunisia	1	-0.33596616212523156	-0.33596616212523156	-0.11130267592961289	-0.11130267592961289
2007	Tunisia	2	-0.2429242418935397	-0.2429242418935397	-0.11130267592961289	-0.11130267592961289
2008	Tunisia	1	-0.371412258676607	-0.371412258676607	-0.11130267592961289	-0.11130267592961289
2009	Tunisia	2	-0.2539015024960279	-0.2539015024960279	-0.11130267592961289	-0.11130267592961289
2010	Tunisia	2	-0.2927249901881127	-0.2927249901881127	-0.11130267592961289	-0.11130267592961289
2011	Tunisia	2	-0.27210128171331033	-0.27210128171331033	-0.11130267592961289	-0.11130267592961289
2012	Tunisia	1	-0.35671545901474166	-0.35671545901474166	-0.11130267592961289	-0.11130267592961289
2013	Tunisia	1	-0.36927475523578296	-0.36927475523578296	-0.11130267592961289	-0.11130267592961289
2014	Tunisia	4	-0.15079871216370638	-0.15079871216370638	-0.11130267592961289	-0.11130267592961289
2017	Tunisia	2	-0.2642468014381439	-0.2642468014381439	-0.11130267592961289	-0.11130267592961289
2018	Tunisia	1	-0.291788957477772	-0.291788957477772	-0.11130267592961289	-0.11130267592961289
2019	Tunisia	2	-0.2632326957649597	-0.2632326957649597	-0.11130267592961289	-0.11130267592961289
2020	Tunisia	2	-0.19944058960448696	-0.19944058960448696	-0.11130267592961289	-0.11130267592961289
2021	Tunisia	1	-0.2537220755566247	-0.2537220755566247	-0.11130267592961289	-0.11130267592961289
2022	Tunisia	2	-0.2172227965444644	-0.2172227965444644	-0.11130267592961289	-0.11130267592961289
1997	Turkey	1	-0.24690066923523743	-0.24690066923523743	0.14475724842145773	0.14475724842145773
1999	Turkey	2	-0.1961030183181086	-0.1961030183181086	0.14475724842145773	0.14475724842145773
2000	Turkey	2	-0.18216685419543627	-0.18216685419543627	0.14475724842145773	0.14475724842145773
2001	Turkey	1	-0.3937145055845208	-0.3937145055845208	0.14475724842145773	0.14475724842145773
2002	Turkey	1	-0.35121742286509094	-0.35121742286509094	0.14475724842145773	0.14475724842145773
2003	Turkey	3	-0.02317192674205304	-0.02317192674205304	0.14475724842145773	0.14475724842145773
2005	Turkey	3	0.02064014482840847	0.02064014482840847	0.14475724842145773	0.14475724842145773
2006	Turkey	1	-0.33596616212523156	-0.33596616212523156	0.14475724842145773	0.14475724842145773
2007	Turkey	1	-0.36438636284030956	-0.36438636284030956	0.14475724842145773	0.14475724842145773
2008	Turkey	3	-0.1337084131235785	-0.1337084131235785	0.14475724842145773	0.14475724842145773
2009	Turkey	5	0.07254328642743658	0.07254328642743658	0.14475724842145773	0.14475724842145773
2010	Turkey	6	0.05122687328291976	0.05122687328291976	0.14475724842145773	0.14475724842145773
2011	Turkey	6	0.10647441458346926	0.10647441458346926	0.14475724842145773	0.14475724842145773
2012	Turkey	9	0.20305341513146838	0.20305341513146838	0.14475724842145773	0.14475724842145773
2013	Turkey	5	-0.06416905582785734	-0.06416905582785734	0.14475724842145773	0.14475724842145773
2014	Turkey	8	0.059269145576780154	0.059269145576780154	0.14475724842145773	0.14475724842145773
2015	Turkey	6	-0.06814337187620319	-0.06814337187620319	0.14475724842145773	0.14475724842145773
2016	Turkey	13	0.2336511139592138	0.2336511139592138	0.14475724842145773	0.14475724842145773
2017	Turkey	3	-0.2211477241982327	-0.2211477241982327	0.14475724842145773	0.14475724842145773
2018	Turkey	3	-0.22149180902232407	-0.22149180902232407	0.14475724842145773	0.14475724842145773
2019	Turkey	14	0.07499363607835376	0.07499363607835376	0.14475724842145773	0.14475724842145773
2020	Turkey	4	-0.1288157424128731	-0.1288157424128731	0.14475724842145773	0.14475724842145773
2023	Turkey	2	-0.21551979182040373	-0.21551979182040373	0.14475724842145773	0.14475724842145773
2024	Turkey	1	-0.24501293284430609	-0.24501293284430609	0.14475724842145773	0.14475724842145773
2001	Uganda	1	-0.3937145055845208	-0.3937145055845208	-0.20376875972305505	-0.20376875972305505
2006	Uganda	1	-0.33596616212523156	-0.33596616212523156	-0.20376875972305505	-0.20376875972305505
2014	Uganda	1	-0.3083496054690713	-0.3083496054690713	-0.20376875972305505	-0.20376875972305505
2018	Uganda	1	-0.291788957477772	-0.291788957477772	-0.20376875972305505	-0.20376875972305505
2021	Uganda	1	-0.2537220755566247	-0.2537220755566247	-0.20376875972305505	-0.20376875972305505
2019	Ukraine	1	-0.29141822341856916	-0.29141822341856916	-0.21799431107589232	-0.21799431107589232
1995	United Kingdom	1	-0.3434130758219238	-0.3434130758219238	-0.1859868205320085	-0.1859868205320085
1998	United Kingdom	1	-0.34728662990224884	-0.34728662990224884	-0.1859868205320085	-0.1859868205320085
1999	United Kingdom	1	-0.3843619159034929	-0.3843619159034929	-0.1859868205320085	-0.1859868205320085
2000	United Kingdom	1	-0.33292563008131454	-0.33292563008131454	-0.1859868205320085	-0.1859868205320085
2011	United Kingdom	1	-0.36674520578750525	-0.36674520578750525	-0.1859868205320085	-0.1859868205320085
2014	United Kingdom	1	-0.3083496054690713	-0.3083496054690713	-0.1859868205320085	-0.1859868205320085
2015	United Kingdom	1	-0.3626613350699627	-0.3626613350699627	-0.1859868205320085	-0.1859868205320085
2017	United Kingdom	1	-0.307345878678055	-0.307345878678055	-0.1859868205320085	-0.1859868205320085
2019	United Kingdom	2	-0.2632326957649597	-0.2632326957649597	-0.1859868205320085	-0.1859868205320085
1980	United States	1	NA	NA	6.297308208523571	3
1982	United States	1	NA	NA	6.297308208523571	3
1983	United States	1	NA	NA	6.297308208523571	3
1984	United States	6	0.7071067811865475	0.7071067811865475	6.297308208523571	3
1985	United States	6	1.6431676725154984	1.6431676725154984	6.297308208523571	3
1986	United States	12	NA	NA	6.297308208523571	3
1987	United States	12	1.788854381999832	1.788854381999832	6.297308208523571	3
1988	United States	11	2.0311153471097114	2.0311153471097114	6.297308208523571	3
1989	United States	8	1.5	1.5	6.297308208523571	3
1990	United States	8	1.6222142113076254	1.6222142113076254	6.297308208523571	3
1991	United States	10	1.5	1.5	6.297308208523571	3
1992	United States	9	1.9732280973076959	1.9732280973076959	6.297308208523571	3
1993	United States	19	3.27924372479808	3	6.297308208523571	3
1994	United States	27	2.6530848077949685	2.6530848077949685	6.297308208523571	3
1995	United States	23	3.2942217273288246	3	6.297308208523571	3
1996	United States	23	4.317886397975163	3	6.297308208523571	3
1997	United States	27	4.768269174605523	3	6.297308208523571	3
1998	United States	25	4.051677348859569	3	6.297308208523571	3
1999	United States	27	4.510369421316498	3	6.297308208523571	3
2000	United States	33	4.49135519826679	3	6.297308208523571	3
2001	United States	25	5.245293251819583	3	6.297308208523571	3
2002	United States	35	5.12192075011591	3	6.297308208523571	3
2003	United States	36	5.329543150672201	3	6.297308208523571	3
2004	United States	32	3.7707997771781128	3	6.297308208523571	3
2005	United States	38	5.944361710581634	3	6.297308208523571	3
2006	United States	52	6.070762477358532	3	6.297308208523571	3
2007	United States	49	5.465795442604644	3	6.297308208523571	3
2008	United States	52	5.690035802925619	3	6.297308208523571	3
2009	United States	56	5.622104698126332	3	6.297308208523571	3
2010	United States	69	5.46846872295168	3	6.297308208523571	3
2011	United States	66	5.785109859035163	3	6.297308208523571	3
2012	United States	79	5.101031063910806	3	6.297308208523571	3
2013	United States	78	5.504009958366786	3	6.297308208523571	3
2014	United States	91	4.418177193691876	3	6.297308208523571	3
2015	United States	57	2.9359398527001437	2.9359398527001437	6.297308208523571	3
2016	United States	83	3.5047667093882073	3	6.297308208523571	3
2017	United States	72	2.7526886053556376	2.7526886053556376	6.297308208523571	3
2018	United States	105	3.36366276220552	3	6.297308208523571	3
2019	United States	89	2.188908210099063	2.188908210099063	6.297308208523571	3
2020	United States	87	2.802115416039101	2.802115416039101	6.297308208523571	3
2021	United States	78	1.917011237538942	1.917011237538942	6.297308208523571	3
2022	United States	57	1.1636155834994928	1.1636155834994928	6.297308208523571	3
2023	United States	84	1.1105644683847933	1.1105644683847933	6.297308208523571	3
2024	United States	74	1.2512820013935866	1.2512820013935866	6.297308208523571	3
2002	Uruguay	1	-0.35121742286509094	-0.35121742286509094	-0.16820488134096193	-0.16820488134096193
2003	Uruguay	1	-0.34757890113079576	-0.34757890113079576	-0.16820488134096193	-0.16820488134096193
2004	Uruguay	1	-0.46159790375801035	-0.46159790375801035	-0.16820488134096193	-0.16820488134096193
2005	Uruguay	1	-0.3178582303574901	-0.3178582303574901	-0.16820488134096193	-0.16820488134096193
2010	Uruguay	1	-0.3787129560558708	-0.3787129560558708	-0.16820488134096193	-0.16820488134096193
2012	Uruguay	3	-0.21677324047818916	-0.21677324047818916	-0.16820488134096193	-0.16820488134096193
2014	Uruguay	2	-0.25583264103394965	-0.25583264103394965	-0.16820488134096193	-0.16820488134096193
2016	Uruguay	1	-0.32711155954289933	-0.32711155954289933	-0.16820488134096193	-0.16820488134096193
2017	Uruguay	1	-0.307345878678055	-0.307345878678055	-0.16820488134096193	-0.16820488134096193
2019	Uruguay	2	-0.2632326957649597	-0.2632326957649597	-0.16820488134096193	-0.16820488134096193
2021	Uruguay	1	-0.2537220755566247	-0.2537220755566247	-0.16820488134096193	-0.16820488134096193
2020	Uzbekistan	2	-0.19944058960448696	-0.19944058960448696	-0.21088153539947369	-0.21088153539947369
2024	Uzbekistan	1	-0.24501293284430609	-0.24501293284430609	-0.21088153539947369	-0.21088153539947369
1995	Venezuela	1	-0.3434130758219238	-0.3434130758219238	-0.15753571782633397	-0.15753571782633397
1996	Venezuela	1	-0.2680067419432859	-0.2680067419432859	-0.15753571782633397	-0.15753571782633397
1997	Venezuela	1	-0.24690066923523743	-0.24690066923523743	-0.15753571782633397	-0.15753571782633397
2001	Venezuela	2	-0.1587558490260165	-0.1587558490260165	-0.15753571782633397	-0.15753571782633397
2003	Venezuela	1	-0.34757890113079576	-0.34757890113079576	-0.15753571782633397	-0.15753571782633397
2005	Venezuela	1	-0.3178582303574901	-0.3178582303574901	-0.15753571782633397	-0.15753571782633397
2006	Venezuela	2	-0.2103440319392754	-0.2103440319392754	-0.15753571782633397	-0.15753571782633397
2007	Venezuela	3	-0.12146212094676985	-0.12146212094676985	-0.15753571782633397	-0.15753571782633397
2014	Venezuela	2	-0.25583264103394965	-0.25583264103394965	-0.15753571782633397	-0.15753571782633397
2015	Venezuela	1	-0.3626613350699627	-0.3626613350699627	-0.15753571782633397	-0.15753571782633397
2017	Venezuela	1	-0.307345878678055	-0.307345878678055	-0.15753571782633397	-0.15753571782633397
2018	Venezuela	1	-0.291788957477772	-0.291788957477772	-0.15753571782633397	-0.15753571782633397
2023	Venezuela	1	-0.23169155109119882	-0.23169155109119882	-0.15753571782633397	-0.15753571782633397
2006	Vietnam	1	-0.33596616212523156	-0.33596616212523156	-0.17176126917917123	-0.17176126917917123
2008	Vietnam	1	-0.371412258676607	-0.371412258676607	-0.17176126917917123	-0.17176126917917123
2009	Vietnam	1	-0.3627164321371827	-0.3627164321371827	-0.17176126917917123	-0.17176126917917123
2013	Vietnam	2	-0.2929983303838016	-0.2929983303838016	-0.17176126917917123	-0.17176126917917123
2016	Vietnam	4	-0.18692089116737107	-0.18692089116737107	-0.17176126917917123	-0.17176126917917123
2018	Vietnam	2	-0.256640383250048	-0.256640383250048	-0.17176126917917123	-0.17176126917917123
2020	Vietnam	1	-0.23475301320029388	-0.23475301320029388	-0.17176126917917123	-0.17176126917917123
2024	Vietnam	2	-0.22451574196433496	-0.22451574196433496	-0.17176126917917123	-0.17176126917917123
2023	Worldwide and Republic of Korea	1	-0.23169155109119882	-0.23169155109119882	-0.21799431107589232	-0.21799431107589232
2005	Zambia	1	-0.3178582303574901	-0.3178582303574901	-0.20376875972305505	-0.20376875972305505
2015	Zambia	1	-0.3626613350699627	-0.3626613350699627	-0.20376875972305505	-0.20376875972305505
2020	Zambia	1	-0.23475301320029388	-0.23475301320029388	-0.20376875972305505	-0.20376875972305505
2021	Zambia	1	-0.2537220755566247	-0.2537220755566247	-0.20376875972305505	-0.20376875972305505
2024	Zambia	1	-0.24501293284430609	-0.24501293284430609	-0.20376875972305505	-0.20376875972305505
1989	Zimbabwe	1	-0.5	-0.5	-0.19309959620842712	-0.19309959620842712
2010	Zimbabwe	2	-0.2927249901881127	-0.2927249901881127	-0.19309959620842712	-0.19309959620842712
2016	Zimbabwe	4	-0.18692089116737107	-0.18692089116737107	-0.19309959620842712	-0.19309959620842712
2020	Zimbabwe	1	-0.23475301320029388	-0.23475301320029388	-0.19309959620842712	-0.19309959620842712
